Red Tdet=210K,,Blue Tdet=230k,,Black Tdet=250K,,green Tdet=270K,
X,Y,X,Y,X,Y,X,Y
0.0996107451552705,146.6320557491289,0.0991585291246468,149.2320557491289,0.0991585291246468,151.5149825783972,0.10097980499629272,153.48083623693378
0.10144032702089009,146.25156794425087,0.0996107451552705,148.97839721254354,0.0996107451552705,151.26132404181183,0.10097980499629272,153.3540069686411
0.10236768132990691,145.96620209059233,0.10052137366423712,148.75644599303135,0.10097980499629272,151.00766550522647,0.10097980499629272,153.22717770034842
0.104247900708798,145.61742160278743,0.10190294927270761,148.5979094076655,0.10236768132990691,150.69059233449477,0.10190294927270761,153.22717770034842
0.10568069407008458,145.30034843205573,0.10236768132990691,148.3759581881533,0.10472332700117601,150.1198606271777,0.10190294927270761,153.10034843205574
0.10713317988371021,144.98327526132402,0.10330351339170421,148.12229965156794,0.10520092149222225,149.8979094076655,0.10283453281433112,152.97351916376306
0.10910092867241626,144.60278745644598,0.104247900708798,147.86864111498255,0.10664681326453081,149.61254355400695,0.10283453281433112,152.84668989547038
0.11009831520786452,144.31742160278745,0.10568069407008458,147.71010452961673,0.10762176459531082,149.35888501742158,0.10377463277183091,152.7198606271777
0.11212052556906185,143.96864111498257,0.10616265466800612,147.4881533101045,0.10860562880466912,149.10522648083622,0.10377463277183091,152.593031358885
0.11314551686758448,143.68327526132404,0.10713317988371021,147.23449477351915,0.10959848737298537,148.85156794425086,0.10472332700117601,152.46620209059233
0.11470059993712331,143.5247386759582,0.10811257751502278,146.98083623693378,0.11110481972162148,148.53449477351916,0.10472332700117601,152.33937282229965
0.11522369613945324,143.30278745644597,0.11009831520786452,146.6320557491289,0.11212052556906185,148.24912891986062,0.10568069407008458,152.21254355400697
0.11734004598321555,142.9540069686411,0.11110481972162148,146.34668989547038,0.11314551686758448,147.99547038327526,0.10568069407008458,152.08571428571426
0.11841275346019714,142.66864111498256,0.11212052556906185,146.093031358885,0.11470059993712331,147.71010452961673,0.10664681326453081,151.95888501742158
0.12058767772214456,142.3198606271777,0.11314551686758448,145.83937282229965,0.1157491779407865,147.45644599303134,0.10664681326453081,151.8320557491289
0.12280254950162685,141.93937282229965,0.11470059993712331,145.68083623693377,0.1168073419085194,147.20278745644598,0.10762176459531082,151.70522648083622
0.12392519447708257,141.6540069686411,0.11522369613945324,145.4588850174216,0.11787517947396178,146.9491289198606,0.10762176459531082,151.57839721254354
0.1262013674758411,141.30522648083624,0.11627705622073299,145.20522648083622,0.11949526748976301,146.6320557491289,0.10860562880466912,151.45156794425085
0.12851934765950782,140.92473867595817,0.11734004598321555,144.95156794425085,0.12058767772214456,146.34668989547038,0.10860562880466912,151.32473867595817
0.13087990291378854,140.54425087108012,0.11895277907188892,144.793031358885,0.12169007462714401,146.093031358885,0.10959848737298537,151.1979094076655
0.1332838152283873,140.16376306620208,0.11949526748976301,144.5710801393728,0.12336259493570433,145.80766550522648,0.10959848737298537,151.0710801393728
0.1345022785753045,139.87839721254355,0.12058767772214456,144.31742160278745,0.12449035977385953,145.5540069686411,0.11060042252552224,150.94425087108013
0.1363508910702356,139.7198606271777,0.12169007462714401,144.06376306620209,0.1256284344918518,145.30034843205573,0.11060042252552224,150.81742160278745
0.13822491107641938,139.402787456446,0.12336259493570433,143.90522648083623,0.12735508400426315,144.98327526132402,0.11161151723923507,150.69059233449477
0.14076373146460228,139.02229965156795,0.12392519447708257,143.68327526132404,0.12851934765950782,144.6979094076655,0.11161151723923507,150.56376306620209
0.14269840198152514,138.83205574912893,0.1250581025272548,143.42961672473865,0.1302857301657398,144.41254355400696,0.11263185524964386,150.4369337979094
0.1446596627995867,138.5149825783972,0.12677691334126506,143.27108013937283,0.13147678540797814,144.1588850174216,0.11263185524964386,150.31010452961672
0.14664787937849105,138.26132404181183,0.12735508400426315,143.0491289198606,0.1332838152283873,143.8418118466899,0.11366152105776778,150.18327526132404
0.1486634222008563,138.00766550522647,0.12851934765950782,142.79547038327524,0.13511568104369645,143.5247386759582,0.11366152105776778,150.05644599303133
0.1507066668412499,137.81742160278745,0.1298911143376367,142.55238095238093,0.1363508910702356,143.27108013937283,0.11366152105776778,149.92961672473865
0.15208440763721576,137.62717770034843,0.13147678540797814,142.38327526132403,0.13759739322658437,143.08083623693378,0.11470059993712331,149.92961672473865
0.1541746706366261,137.37351916376306,0.13207639000620308,142.16132404181184,0.13885529074392855,142.89059233449476,0.11470059993712331,149.80278745644597
0.15700644527193228,137.1198606271777,0.13348612320262473,141.91823461091752,0.14076373146460228,142.57351916376305,0.1157491779407865,149.6759581881533
0.15989023200204006,136.80278745644597,0.13511568104369645,141.74912891986062,0.14269840198152514,142.25644599303135,0.1157491779407865,149.5491289198606
0.16282698614944296,136.5491289198606,0.13573188095605893,141.52717770034843,0.1446596627995867,141.93937282229965,0.1168073419085194,149.42229965156793
0.16581768058334306,136.29547038327524,0.13759739322658437,141.36864111498258,0.147316672295221,141.5588850174216,0.1168073419085194,149.29547038327524
0.1688633060419368,136.04181184668988,0.13822491107641938,141.1466898954704,0.15002248391940495,141.17839721254353,0.11787517947396178,149.16864111498256
0.17196487146062042,135.78815331010452,0.14012468779717985,140.9881533101045,0.15208440763721576,140.92473867595817,0.11787517947396178,149.04181184668988
0.1751234043062238,135.53449477351916,0.14076373146460228,140.76620209059232,0.1541746706366261,140.6710801393728,0.11895277907188892,148.9149825783972
0.178339950917383,135.2808362369338,0.14269840198152514,140.60766550522646,0.15700644527193228,140.29059233449476,0.11895277907188892,148.78815331010452
0.18161557685116478,135.02717770034843,0.14334918316484943,140.38571428571427,0.15916435723884295,140.10034843205574,0.12004022994553533,148.66132404181184
0.18495136723605726,134.80522648083624,0.14531938838325648,140.22717770034842,0.1606194171431445,139.91010452961672,0.12004022994553533,148.53449477351916
0.18834842713144473,134.58327526132405,0.14598212266912644,140.00522648083623,0.16282698614944296,139.65644599303135,0.12113762215398552,148.40766550522648
0.19180788189368456,134.32961672473868,0.1486634222008563,139.78327526132404,0.16506489620045603,139.46620209059233,0.12113762215398552,148.2808362369338
0.195330877548908,134.10766550522646,0.1486634222008563,139.593031358885,0.16657389806642386,139.2759581881533,0.12224504657963248,148.1540069686411
0.19801552426796412,133.9491289198606,0.15139397000386345,139.402787456446,0.1688633060419368,139.02229965156795,0.12224504657963248,148.02717770034843
0.2025721812765627,133.69547038327525,0.15277799403617298,139.11742160278746,0.17196487146062042,138.76864111498256,0.12336259493570433,147.90034843205575
0.20629288820195393,133.4418118466899,0.15558411547335937,138.89547038327527,0.1751234043062238,138.45156794425085,0.12336259493570433,147.77351916376307
0.2100819345209254,133.25156794425087,0.1584417778249943,138.5149825783972,0.178339950917383,138.1979094076655,0.12449035977385953,147.6466898954704
0.21394057544459913,133.02961672473867,0.16135192775925364,138.26132404181183,0.18161557685116478,137.8808362369338,0.12449035977385953,147.51986062717768
0.21787008923895448,132.80766550522648,0.16431552933206517,138.00766550522647,0.18495136723605726,137.62717770034843,0.1256284344918518,147.393031358885
0.22187177764828384,132.61742160278743,0.16733356430647495,137.62717770034843,0.18749335694841546,137.4369337979094,0.1256284344918518,147.26620209059232
0.22594696632642616,132.39547038327527,0.17040703247787947,137.37351916376306,0.19007028401643802,137.18327526132404,0.12677691334126506,147.13937282229963
0.23009700527592106,132.20522648083625,0.1735369520052315,137.1198606271777,0.19356136466529344,136.92961672473868,0.12677691334126506,147.01254355400695
0.2343232692952292,131.98327526132402,0.1767243597483295,136.8662020905923,0.19711656708973246,136.6759581881533,0.12793589143531897,146.88571428571427
0.2386271584341667,131.793031358885,0.1799703116113014,136.61254355400695,0.2007370690345618,136.42229965156793,0.12793589143531897,146.7588850174216
0.24301009845770474,131.60278745644598,0.18327588289239843,136.35888501742158,0.20442406987659723,136.16864111498256,0.12910546475674586,146.6320557491289
0.24747354131828767,131.41254355400696,0.18664216864021274,136.10522648083622,0.20817879102198542,135.9149825783972,0.12910546475674586,146.50522648083623
0.252018965636827,131.22229965156794,0.19007028401643802,135.85156794425086,0.2120024763108237,135.66132404181184,0.1302857301657398,146.37839721254355
0.2566478771925292,131.06376306620209,0.19356136466529344,135.5979094076655,0.2158963924292115,135.40766550522648,0.1302857301657398,146.25156794425087
0.2613618094217207,130.87351916376306,0.19711656708973246,135.34425087108013,0.22594696632642616,134.80522648083624,0.13147678540797814,146.25156794425087
0.2661623239258349,130.68327526132404,0.2007370690345618,135.09059233449477,0.23009700527592106,134.58327526132405,0.13147678540797814,146.12473867595818
0.2710510109887295,130.49303135888502,0.20442406987659723,134.8369337979094,0.2343232692952292,134.36132404181183,0.13147678540797814,145.9979094076655
0.2760294901035059,130.3662020905923,0.20723369432193303,134.6466898954704,0.2386271584341667,134.13937282229963,0.13267872912271655,145.9979094076655
0.28109941050900417,130.2076655052265,0.2100819345209254,134.39303135888503,0.24301009845770474,133.88571428571427,0.13267872912271655,145.87108013937282
0.28626245173615245,130.0491289198606,0.21394057544459913,134.26620209059232,0.24747354131828767,133.6320557491289,0.13267872912271655,145.74425087108014
0.2915203241643515,129.92229965156793,0.21787008923895448,134.0759581881533,0.252018965636827,133.4418118466899,0.133891660850958,145.74425087108014
0.29687476958807807,129.79547038327524,0.22187177764828384,133.82229965156793,0.2566478771925292,133.2198606271777,0.133891660850958,145.61742160278743
0.30232756179389564,129.6369337979094,0.22594696632642616,133.56864111498257,0.2613618094217207,132.9979094076655,0.13511568104369645,145.49059233449475
0.3078805071480628,129.5101045296167,0.23009700527592106,133.34668989547038,0.2661623239258349,132.80766550522648,0.13511568104369645,145.36376306620207
0.31353544519493515,129.38327526132403,0.2343232692952292,133.18815331010452,0.2710510109887295,132.61742160278743,0.1363508910702356,145.2369337979094
0.31929424926635774,129.25644599303135,0.2386271584341667,132.93449477351916,0.2760294901035059,132.39547038327527,0.1363508910702356,145.1101045296167
0.32515882710225036,129.12961672473867,0.24301009845770474,132.6808362369338,0.28109941050900417,132.2369337979094,0.13759739322658437,144.98327526132402
0.3311311214825914,129.002787456446,0.24747354131828767,132.5540069686411,0.28626245173615245,132.07839721254354,0.13759739322658437,144.85644599303134
0.33721311087100986,128.8759581881533,0.252018965636827,132.30034843205573,0.2915203241643515,131.8881533101045,0.13885529074392855,144.85644599303134
0.34340681007019824,128.74912891986062,0.2566478771925292,132.1101045296167,0.29687476958807807,131.72961672473866,0.13885529074392855,144.72961672473866
0.3497142708893633,128.62229965156794,0.2613618094217207,131.91986062717768,0.30232756179389564,131.60278745644598,0.14012468779717985,144.60278745644598
0.35613758282393615,128.52717770034843,0.2661623239258349,131.6979094076655,0.3078805071480628,131.44425087108013,0.14012468779717985,144.4759581881533
0.3626788737477676,128.40034843205575,0.2710510109887295,131.53937282229964,0.31353544519493515,131.2540069686411,0.14140568951360366,144.34912891986062
0.36934031061803607,128.27351916376307,0.2760294901035059,131.3808362369338,0.31929424926635774,131.12717770034843,0.14140568951360366,144.22229965156794
0.37612410019310394,128.17839721254353,0.28109941050900417,131.19059233449477,0.32515882710225036,130.96864111498257,0.14269840198152514,144.09547038327526
0.38303248976355747,128.05156794425085,0.28626245173615245,131.03205574912892,0.3311311214825914,130.8418118466899,0.14269840198152514,143.96864111498257
0.39006776789667597,127.95644599303135,0.2915203241643515,130.87351916376306,0.33721311087100986,130.68327526132404,0.14400293225911517,143.96864111498257
0.3972322651945731,127.86132404181184,0.29687476958807807,130.74668989547038,0.34340681007019824,130.5247386759582,0.14400293225911517,143.8418118466899
0.4045283550662643,127.73449477351916,0.30232756179389564,130.55644599303136,0.3497142708893633,130.3979094076655,0.14531938838325648,143.7149825783972
0.41195845451391394,127.63937282229963,0.3078805071480628,130.3979094076655,0.35613758282393615,130.27108013937283,0.14531938838325648,143.58815331010453
0.4195250249335253,127.54425087108012,0.31353544519493515,130.30278745644597,0.3626788737477676,130.11254355400695,0.14664787937849105,143.46132404181185
0.42723057293033556,127.44912891986061,0.31929424926635774,130.1759581881533,0.36934031061803607,129.98571428571427,0.14798851526604906,143.33449477351917
0.4350776511491882,127.3540069686411,0.32515882710225036,130.01742160278746,0.37612410019310394,129.85888501742158,0.14798851526604906,143.20766550522646
0.4430688591201567,127.22717770034842,0.3311311214825914,129.85888501742158,0.38303248976355747,129.7320557491289,0.14934140707296042,143.08083623693378
0.45120684411970063,127.16376306620208,0.33721311087100986,129.7320557491289,0.39006776789667597,129.60522648083622,0.14934140707296042,142.9540069686411
0.45949430204763836,127.10034843205574,0.34340681007019824,129.60522648083622,0.3972322651945731,129.47839721254354,0.1507066668412499,142.9540069686411
0.46793397832022776,126.97351916376306,0.3497142708893633,129.47839721254354,0.4045283550662643,129.35156794425086,0.1507066668412499,142.82717770034841
0.4765286687796496,126.91010452961672,0.35613758282393615,129.35156794425086,0.41195845451391394,129.25644599303135,0.15208440763721576,142.70034843205573
0.4852812206201972,126.84668989547038,0.3626788737477676,129.22473867595818,0.4195250249335253,129.12961672473867,0.15208440763721576,142.57351916376305
0.49419453333147606,126.75156794425087,0.36934031061803607,129.0979094076655,0.42723057293033556,129.002787456446,0.1534747435607937,142.57351916376305
0.5032715596589291,126.68815331010452,0.37612410019310394,128.97108013937282,0.4350776511491882,128.8759581881533,0.1534747435607937,142.44668989547037
0.5125153065820022,126.59303135888501,0.38303248976355747,128.84425087108013,0.4430688591201567,128.7808362369338,0.15487778975500643,142.3198606271777
0.5219288363102783,126.52961672473867,0.39006776789667597,128.71742160278745,0.45120684411970063,128.68571428571428,0.15487778975500643,142.193031358885
0.5315152672979064,126.46620209059233,0.3972322651945731,128.59059233449477,0.45949430204763836,128.62229965156794,0.1562936624154991,142.193031358885
0.5412777752766625,126.37108013937282,0.4045283550662643,128.52717770034843,0.46793397832022776,128.49547038327526,0.1562936624154991,142.06620209059233
0.5512195943079872,126.33937282229965,0.41195845451391394,128.40034843205575,0.4765286687796496,128.36864111498258,0.1577224788001622,141.93937282229965
0.5613440178543431,126.24425087108014,0.4195250249335253,128.27351916376307,0.4852812206201972,128.30522648083624,0.15916435723884295,141.81254355400696
0.5716543998702532,126.21254355400697,0.42723057293033556,128.17839721254353,0.49419453333147606,128.2418118466899,0.1620877790163155,141.43205574912892
0.5821541559133785,126.08571428571429,0.4350776511491882,128.08327526132405,0.5032715596589291,128.1149825783972,0.1635695644632294,141.30522648083624
0.5928467642759996,126.08571428571429,0.4430688591201567,127.95644599303135,0.5125153065820022,128.05156794425085,0.1635695644632294,141.17839721254353
0.6318413360804747,125.83205574912891,0.45120684411970063,127.89303135888501,0.5219288363102783,127.98815331010452,0.16506489620045603,141.17839721254353
0.640525425309776,125.83205574912891,0.45949430204763836,127.76620209059233,0.5315152672979064,127.86132404181184,0.16506489620045603,141.05156794425085
0.6552649497951074,125.70522648083623,0.46793397832022776,127.70278745644599,0.5412777752766625,127.7979094076655,0.16657389806642386,140.92473867595817
0.6673004070889215,125.61010452961672,0.4765286687796496,127.60766550522646,0.5512195943079872,127.73449477351916,0.1680966950316763,140.7979094076655
0.6795569234097998,125.57839721254355,0.4852812206201972,127.51254355400695,0.5613440178543431,127.60766550522646,0.16963341320922132,140.6710801393728
0.6920385590183757,125.48327526132404,0.49419453333147606,127.41742160278744,0.5716543998702532,127.54425087108012,0.16963341320922132,140.54425087108012
0.7047494487513645,125.45156794425085,0.5032715596589291,127.3540069686411,0.5821541559133785,127.48083623693378,0.1711841798649756,140.54425087108012
0.7176938033913285,125.35644599303134,0.5125153065820022,127.25888501742159,0.5928467642759996,127.3540069686411,0.1711841798649756,140.41742160278744
0.7308759110615957,125.32473867595817,0.5219288363102783,127.19547038327525,0.6037357671372859,127.32229965156793,0.17274912342830423,140.29059233449476
0.7443001386468031,125.293031358885,0.5315152672979064,127.10034843205574,0.6148247717367247,127.22717770034842,0.17432837350265712,140.16376306620208
0.7579709332395316,125.19790940766549,0.5412777752766625,127.00522648083623,0.6261174515691037,127.16376306620208,0.1759220608763018,140.0369337979094
0.7718928236135079,125.19790940766549,0.5512195943079872,126.94181184668989,0.637617547601446,127.10034843205574,0.1775303175331555,139.91010452961672
0.7860704217238703,125.10278745644598,0.5613440178543431,126.87839721254355,0.6493288695122902,127.00522648083623,0.1775303175331555,139.78327526132404
0.8005084242349864,125.07108013937281,0.5716543998702532,126.8149825783972,0.6612552969537383,126.97351916376306,0.17915327666371506,139.78327526132404
0.8152116140763336,125.07108013937281,0.5821541559133785,126.7198606271777,0.6734007808366831,126.84668989547038,0.17915327666371506,139.65644599303135
0.8301848620269601,124.9759581881533,0.5928467642759996,126.65644599303135,0.6857693446396378,126.8149825783972,0.18079107267608757,139.52961672473867
0.8454331283290424,124.94425087108013,0.6037357671372859,126.59303135888501,0.6983650857416119,126.7198606271777,0.18244384120712176,139.402787456446
0.8609614643310842,124.94425087108013,0.6148247717367247,126.4979094076655,0.7111921767794618,126.65644599303135,0.18411171913364072,139.2759581881533
0.8767750141612963,124.91254355400696,0.6261174515691037,126.43449477351916,0.7242548670301765,126.59303135888501,0.18579484458377768,139.14912891986063
0.8928790164317079,124.81742160278745,0.637617547601446,126.37108013937282,0.7375574838185524,126.56132404181184,0.18579484458377768,139.02229965156795
0.9092788059735817,124.81742160278745,0.6493288695122902,126.30766550522648,0.7511044339507192,126.46620209059233,0.18749335694841546,139.02229965156795
0.9259798156047044,124.78571428571428,0.6612552969537383,126.21254355400697,0.7649002051740003,126.46620209059233,0.18749335694841546,138.89547038327527
0.9429875779291332,124.69059233449477,0.6734007808366831,126.14912891986063,0.7789493676635854,126.33937282229965,0.18920739689273003,138.76864111498256
0.9603077271700045,124.69059233449477,0.6857693446396378,126.08571428571429,0.7932565755365072,126.33937282229965,0.19093710636784048,138.76864111498256
0.9779460010360005,124.69059233449477,0.6983650857416119,126.02229965156793,0.8078265683934304,126.27595818815331,0.19093710636784048,138.64181184668988
0.9959082426221024,124.6588850174216,0.7111921767794618,125.9588850174216,0.8226641728887534,126.21254355400697,0.19268262862256427,138.64181184668988
1.014200402345255,124.56376306620209,0.7242548670301765,125.89547038327525,0.8377743043295532,126.21254355400697,0.19268262862256427,138.5149825783972
1.0328285399155797,124.56376306620209,0.7375574838185524,125.83205574912891,0.8531619683038982,126.14912891986063,0.19444410821528113,138.3881533101045
1.0517988263437994,124.56376306620209,0.7511044339507192,125.76864111498257,0.8688322623390646,126.08571428571429,0.19622169102590478,138.26132404181183
1.0711175459855304,124.46864111498257,0.7649002051740003,125.7369337979094,0.8847903775902146,126.08571428571429,0.19801552426796412,138.13449477351915
1.0907910986231228,124.4369337979094,0.7789493676635854,125.67351916376306,0.9010416005600903,126.02229965156793,0.199825756500795,138.00766550522647
1.110826001585743,124.4369337979094,0.7932565755365072,125.64181184668989,0.9175913148502892,125.9588850174216,0.20165253764184357,137.8808362369338
1.1312288919083886,124.4369337979094,0.8078265683934304,125.57839721254355,0.9344450029447136,125.9588850174216,0.20349601897908165,137.7540069686411
1.1520065285305652,124.37351916376306,0.8226641728887534,125.54668989547038,0.9516082480257692,125.89547038327525,0.2053563531835363,137.62717770034843
1.173165794535347,124.31010452961672,0.8377743043295532,125.48327526132404,0.9690867358239281,125.83205574912891,0.20723369432193303,137.50034843205574
1.194713699429556,124.31010452961672,0.8531619683038982,125.45156794425085,0.9868862565012626,125.83205574912891,0.20912819786945552,137.37351916376306
1.2166573814658297,124.31010452961672,0.8688322623390646,125.41986062717768,1.00501270656957,125.83205574912891,0.20912819786945552,137.24668989547038
1.239004110007337,124.27839721254355,0.8847903775902146,125.35644599303134,1.0234720908437334,125.70522648083623,0.21104002072262149,137.24668989547038
1.2617612879359226,124.18327526132404,0.9010416005600903,125.32473867595817,1.0422705244309594,125.70522648083623,0.21104002072262149,137.1198606271777
1.2849364541044914,124.18327526132404,0.9175913148502892,125.293031358885,1.0614142347565492,125.70522648083623,0.21296932121227607,137.1198606271777
1.3085372858344277,124.18327526132404,0.9344450029447136,125.26132404181183,1.0809095636268835,125.67351916376306,0.21296932121227607,136.99303135888502
1.3325716014588904,124.18327526132404,0.9516082480257692,125.19790940766549,1.1007629693302932,125.57839721254355,0.21491625911670456,136.99303135888502
1.3570473629128226,124.15156794425087,0.9690867358239281,125.16620209059232,1.12098102877652,125.57839721254355,0.21491625911670456,136.8662020905923
1.3819726783705268,124.05644599303136,0.9868862565012626,125.13449477351915,1.1415704396754764,125.57839721254355,0.21688099567486463,136.8662020905923
1.4073558049316943,124.05644599303136,1.00501270656957,125.07108013937281,1.1625380227560165,125.51498257839721,0.21688099567486463,136.73937282229963
1.4332051513567596,124.05644599303136,1.0234720908437334,125.07108013937281,1.1838907240254644,125.45156794425085,0.21886369359973945,136.73937282229963
1.4595292808525029,124.05644599303136,1.0422705244309594,125.00766550522647,1.2056356170706461,125.45156794425085,0.21886369359973945,136.61254355400695
1.4863369139088172,124.05644599303136,1.0614142347565492,124.9759581881533,1.2277799054011784,125.45156794425085,0.2208645170918134,136.61254355400695
1.5136369311875721,123.99303135888502,1.0809095636268835,124.94425087108013,1.2503309248358048,125.45156794425085,0.2208645170918134,136.48571428571427
1.5414383764645454,123.92961672473868,1.1007629693302932,124.94425087108013,1.2732961459325562,125.32473867595817,0.22288363185267016,136.48571428571427
1.569750459625389,123.92961672473868,1.12098102877652,124.88083623693379,1.296683176463551,125.32473867595817,0.22288363185267016,136.35888501742158
1.5985825597166177,123.92961672473868,1.1415704396754764,124.84912891986062,1.320499763935251,125.32473867595817,0.22492120509871585,136.35888501742158
1.6279442280526408,123.92961672473868,1.1625380227560165,124.81742160278745,1.3447537981550024,125.32473867595817,0.22492120509871585,136.2320557491289
1.6578451913798646,123.92961672473868,1.1838907240254644,124.78571428571428,1.3694533138447231,125.32473867595817,0.2269774055750274,136.2320557491289
1.6882953550989004,123.89790940766551,1.2056356170706461,124.75400696864111,1.3946064933025957,125.26132404181183,0.2269774055750274,136.10522648083622
1.7193048065459693,123.83449477351917,1.2277799054011784,124.72229965156794,1.420221669113643,125.19790940766549,0.2290524035693272,136.10522648083622
1.750883818334565,123.80278745644598,1.2503309248358048,124.69059233449477,1.4463073269100983,125.19790940766549,0.2290524035693272,135.97839721254354
1.783042851758502,123.80278745644598,1.2732961459325562,124.6588850174216,1.4728721081824672,125.19790940766549,0.23114637092608595,135.97839721254354
1.8157925602574687,123.80278745644598,1.296683176463551,124.62717770034843,1.499924813142228,125.19790940766549,0.23114637092608595,135.85156794425086
1.849143792946226,123.80278745644598,1.320499763935251,124.59547038327526,1.527474403637111,125.19790940766549,0.23325948106075425,135.85156794425086
1.8831075982086387,123.80278745644598,1.3447537981550024,124.56376306620209,1.5555300061199189,125.19790940766549,0.23325948106075425,135.72473867595818
1.9176952273577084,123.80278745644598,1.3694533138447231,124.56376306620209,1.5841009146718812,125.13449477351915,0.23539190897412415,135.72473867595818
1.9529181383628385,123.77108013937281,1.3946064933025957,124.53205574912892,1.6131965940815407,125.07108013937281,0.2375438312668224,135.5979094076655
1.988787999645561,123.70766550522647,1.420221669113643,124.50034843205574,1.6428266829801843,125.07108013937281,0.23971542615393562,135.47108013937282
2.025316693944972,123.6759581881533,1.4463073269100983,124.46864111498257,1.6730009970348712,125.07108013937281,0.2419068734797696,135.34425087108013
2.0625163222541687,123.6759581881533,1.4728721081824672,124.4369337979094,1.703729532200101,125.07108013937281,0.24411835473274365,135.21742160278745
2.1003992078289984,123.6759581881533,1.499924813142228,124.4369337979094,1.7350224680292115,125.07108013937281,0.2463500530604205,135.09059233449477
2.1389779002704166,123.6759581881533,1.527474403637111,124.4369337979094,1.7668901710465983,125.07108013937281,0.24860215328467405,134.9637630662021
2.178265179681845,123.6759581881533,1.5555300061199189,124.40522648083623,1.7993431981818673,125.07108013937281,0.2508748419169961,134.8369337979094
2.2182740609028846,123.6759581881533,1.5841009146718812,124.37351916376306,1.8323923002670675,125.07108013937281,0.25316830717394195,134.8369337979094
2.259017797820783,123.6759581881533,1.6131965940815407,124.3418118466899,1.8660484255981626,125.03937282229964,0.25316830717394195,134.71010452961673
2.3005098877611028,123.64425087108013,1.6428266829801843,124.31010452961672,1.9003227235619065,125.00766550522647,0.25548273899271856,134.58327526132405
2.342764075959027,123.61254355400696,1.6730009970348712,124.31010452961672,1.9352265483293463,124.94425087108013,0.257818329046914,134.58327526132405
2.385794360112792,123.54912891986062,1.703729532200101,124.31010452961672,1.970771462617156,124.94425087108013,0.257818329046914,134.45644599303137
2.4296149950207604,123.54912891986062,1.7350224680292115,124.27839721254355,2.0069692415180604,124.94425087108013,0.26017527076237135,134.45644599303137
2.4742404973036543,123.54912891986062,1.7668901710465983,124.24668989547038,2.043831876401617,124.94425087108013,0.26017527076237135,134.32961672473868
2.519685650213534,123.54912891986062,1.7993431981818673,124.21498257839721,2.0813715788866336,124.94425087108013,0.2625537593332079,134.32961672473868
2.565965508531095,123.54912891986062,1.8323923002670675,124.18327526132404,2.1196007848865586,124.94425087108013,0.26495399173798,134.20278745644598
2.6130954035529204,123.54912891986062,1.8660484255981626,124.18327526132404,2.1585321587291757,124.94425087108013,0.26737616675599646,134.0759581881533
2.6610909481703406,123.54912891986062,1.9003227235619065,124.18327526132404,2.1981785973519523,124.94425087108013,0.2698204849837809,133.9491289198606
2.709968042041566,123.54912891986062,1.9352265483293463,124.18327526132404,2.238553234574465,124.94425087108013,0.27228714885168415,133.9491289198606
2.7597428768588257,123.54912891986062,1.970771462617156,124.18327526132404,2.2796694454492794,124.94425087108013,0.27228714885168415,133.82229965156793
2.810431941712253,123.54912891986062,2.0069692415180604,124.1198606271777,2.321540850692755,124.94425087108013,0.27477636264064914,133.82229965156793
2.862052028552279,123.51742160278745,2.043831876401617,124.1198606271777,2.364181321197235,124.94425087108013,0.27728833249912865,133.69547038327525
2.9146202377523664,123.48571428571428,2.0813715788866336,124.1198606271777,2.4076049826260957,124.94425087108013,0.27982326646015776,133.56864111498257
2.968153983773916,123.45400696864111,2.1196007848865586,124.1198606271777,2.451826220093215,124.94425087108013,0.28238137445858286,133.56864111498257
3.0226710009352096,123.42229965156794,2.1585321587291757,124.05644599303136,2.496859682928382,124.94425087108013,0.28238137445858286,133.4418118466899
3.078189349286333,123.42229965156794,2.1981785973519523,124.05644599303136,2.5427202895302248,124.94425087108013,0.2849628683484472,133.4418118466899
3.134727420591983,123.42229965156794,2.238553234574465,124.05644599303136,2.5894232323082944,124.94425087108013,0.28756796192053613,133.3149825783972
3.1923039444241805,123.42229965156794,2.2796694454492794,124.05644599303136,2.6369839827158987,124.94425087108013,0.29019687092008306,133.3149825783972
3.250937994366887,123.42229965156794,2.321540850692755,124.05644599303136,2.6854182963753916,124.94425087108013,0.29019687092008306,133.18815331010452
3.3106489943345694,123.42229965156794,2.364181321197235,123.99303135888502,2.734742218297599,124.94425087108013,0.2928498130646358,133.18815331010452
3.3714567250068437,123.42229965156794,2.4076049826260957,123.99303135888502,2.7849720881970996,124.94425087108013,0.29552700806208826,133.06132404181184
3.4333813303812803,123.42229965156794,2.451826220093215,123.99303135888502,2.836124545905146,124.94425087108013,0.298228677628875,133.06132404181184
3.4964433244465853,123.42229965156794,2.496859682928382,123.99303135888502,2.8882165368820054,124.94425087108013,0.3009550455083335,132.93449477351916
3.560663597978347,123.42229965156794,2.5427202895302248,123.99303135888502,2.9412653178305357,124.94425087108013,0.30370633748923415,132.80766550522648
3.6260634254595923,123.42229965156794,2.5894232323082944,123.99303135888502,2.9952884624128835,124.94425087108013,0.3064827814244786,132.80766550522648
3.6926644721284623,123.42229965156794,2.6369839827158987,123.92961672473868,3.0503038670721687,124.94425087108013,0.30928460724997026,132.6808362369338
3.7604888011553443,123.42229965156794,2.6854182963753916,123.92961672473868,3.1063297569611077,124.94425087108013,0.3121120470036569,132.6808362369338
3.829558880951804,123.42229965156794,2.734742218297599,123.92961672473868,3.1633846919795294,124.94425087108013,0.3121120470036569,132.5540069686411
3.899897592613785,123.42229965156794,2.7849720881970996,123.92961672473868,3.221487572922772,124.94425087108013,0.3149653348447469,132.5540069686411
3.971528237501518,123.42229965156794,2.836124545905146,123.92961672473868,3.2806576477430216,125.00766550522647,0.317844707073102,132.4271777003484
4.044474544958633,123.42229965156794,2.8882165368820054,123.92961672473868,3.3409145179256585,125.03937282229964,0.32075040214880635,132.4271777003484
4.1187606801730805,123.42229965156794,2.9412653178305357,123.92961672473868,3.4022781449826978,125.07108013937281,0.3236826607119152,132.30034843205573
4.194411252182409,123.42229965156794,2.9952884624128835,123.92961672473868,3.4647688570655277,125.07108013937281,0.3266417256023844,132.30034843205573
4.271451322026093,123.39059233449477,3.0503038670721687,123.92961672473868,3.528407355699078,125.07108013937281,0.3266417256023844,132.17351916376305
4.349906411047604,123.32717770034843,3.1063297569611077,123.89790940766551,3.5932147226396918,125.07108013937281,0.3296278418801808,132.17351916376305
4.4298025093489395,123.29547038327526,3.1633846919795294,123.86620209059234,3.6592124268589643,125.07108013937281,0.33264125684557766,132.04668989547037
4.511166084400482,123.29547038327526,3.221487572922772,123.86620209059234,3.726422331655834,125.07108013937281,0.3356822200596355,132.04668989547037
4.594024089808953,123.29547038327526,3.2806576477430216,123.86620209059234,3.794866701899323,125.07108013937281,0.33875098336486936,131.91986062717768
4.67840397424644,123.3588850174216,3.3409145179256585,123.86620209059234,3.8645682114043067,125.07108013937281,0.34184780090610634,131.91986062717768
4.7643336905434275,123.29547038327526,3.4022781449826978,123.86620209059234,3.935549950442737,125.07108013937281,0.34184780090610634,131.793031358885
4.851841704948814,123.29547038327526,3.4647688570655277,123.86620209059234,4.007835433392858,125.19790940766549,0.34497292915153205,131.793031358885
4.94095700656004,123.29547038327526,3.528407355699078,123.86620209059234,4.08144860652888,125.19790940766549,0.34812662691393126,131.66620209059232
5.031709116926418,123.29547038327526,3.5932147226396918,123.83449477351917,4.156413855953764,125.19790940766549,0.35130915537212176,131.66620209059232
5.1241280998288286,123.29547038327526,3.6592124268589643,123.80278745644598,4.2327560156776896,125.19790940766549,0.3545207780925839,131.53937282229964
5.2182445712390635,123.29547038327526,3.726422331655834,123.80278745644598,4.310500375844906,125.19790940766549,0.35776176105128876,131.53937282229964
5.314089709462101,123.29547038327526,3.794866701899323,123.80278745644598,4.389672691111686,125.19790940766549,0.36103237265572535,131.41254355400696
5.411695265464643,123.29547038327526,3.8645682114043067,123.80278745644598,4.4702991891781805,125.26132404181183,0.36433288376712886,131.41254355400696
5.511093573393366,123.29547038327526,3.935549950442737,123.80278745644598,4.55240657947694,125.32473867595817,0.36766356772291303,131.28571428571428
5.612317561286397,123.29547038327526,4.007835433392858,123.80278745644598,4.63602206202107,125.32473867595817,0.37102470035930657,131.28571428571428
5.715400761981487,123.29547038327526,4.08144860652888,123.80278745644598,4.721173336414857,125.32473867595817,0.3744165600341972,131.1588850174216
5.820377324224543,123.29547038327526,4.156413855953764,123.80278745644598,4.807888611029927,125.32473867595817,0.37783942765018463,131.1588850174216
5.927282023982237,123.29547038327526,4.2327560156776896,123.80278745644598,4.896196612349942,125.32473867595817,0.3812935866778433,131.03205574912892
6.036150275962353,123.29547038327526,4.310500375844906,123.80278745644598,4.98612659448691,125.45156794425085,0.38477932317919894,131.03205574912892
6.147018145345726,123.29547038327526,4.389672691111686,123.80278745644598,5.077708348872308,125.45156794425085,0.3882969258314196,130.90522648083623
6.259922359733722,123.29547038327526,4.4702991891781805,123.80278745644598,5.17097221412621,125.45156794425085,0.39184668595072203,130.90522648083623
6.374900321315099,123.29547038327526,4.55240657947694,123.80278745644598,5.265949086107648,125.45156794425085,0.39542889751649835,130.77839721254355
6.4919901192563785,123.29547038327526,4.63602206202107,123.80278745644598,5.362670428149623,125.45156794425085,0.39904385719566215,130.77839721254355
6.611230542319756,123.29547038327526,4.721173336414857,123.80278745644598,5.46116828148204,125.57839721254355,0.4026918643672171,130.65156794425087
6.732661091712831,123.29547038327526,4.807888611029927,123.80278745644598,5.561475275846167,125.57839721254355,0.40637322114705143,130.65156794425087
6.856321994174307,123.29547038327526,4.896196612349942,123.80278745644598,5.663624640303974,125.57839721254355,0.41008823241295717,130.5247386759582
6.98225421530001,123.29547038327526,4.98612659448691,123.80278745644598,5.767650214246068,125.61010452961672,0.4138372058298797,130.5247386759582
7.11049947311377,123.29547038327526,5.077708348872308,123.80278745644598,5.873586458601759,125.70522648083623,0.41762045187539765,130.3979094076655
7.24110025188747,123.29547038327526,5.17097221412621,123.80278745644598,5.981468467255096,125.70522648083623,0.4214382838654349,130.3979094076655
7.374099816214947,123.29547038327526,5.265949086107648,123.80278745644598,6.091331978670526,125.70522648083623,0.4252910179802095,130.3979094076655
7.509542225344454,123.29547038327526,5.362670428149623,123.80278745644598,6.20321338773209,125.76864111498257,0.4252910179802095,130.27108013937283
7.647472347774305,123.29547038327526,5.46116828148204,123.80278745644598,6.3171497578001174,125.83205574912891,0.42917897329041754,130.27108013937283
7.787935876116602,123.29547038327526,5.561475275846167,123.80278745644598,6.4331788329893325,125.83205574912891,0.43310247178365796,130.27108013937283
7.93097934223404,123.29547038327526,5.663624640303974,123.80278745644598,6.551339050672453,125.89547038327525,0.4370618383910991,130.14425087108015
8.076650132654661,123.29547038327526,5.767650214246068,123.80278745644598,6.671669554213528,125.9588850174216,0.44105740101438734,130.14425087108015
8.22499650426974,123.29547038327526,5.873586458601759,123.80278745644598,6.794210205935075,125.9588850174216,0.44508949055280356,130.01742160278746
8.376067600320061,123.29547038327526,5.981468467255096,123.80278745644598,6.919001600323396,125.9588850174216,0.4491584409306671,130.01742160278746
8.529913466675763,123.29547038327526,6.091331978670526,123.80278745644598,7.046085077476508,126.08571428571429,0.4532645891249898,130.01742160278746
8.686585068415187,123.29547038327526,6.20321338773209,123.80278745644598,7.175502736798997,126.08571428571429,0.4574082751933839,129.89059233449478
8.846134306708311,123.29547038327526,6.3171497578001174,123.80278745644598,7.307297450948429,126.14912891986063,0.46158984230222405,129.89059233449478
9.008614036010206,123.29547038327526,6.4331788329893325,123.80278745644598,7.4415128800379655,126.21254355400697,0.46580963675506737,129.89059233449478
9.174078081570341,123.29547038327526,6.551339050672453,123.80278745644598,7.578193486099782,126.21254355400697,0.4700680080213333,129.76376306620207
9.342581257263436,123.29547038327526,6.671669554213528,123.80278745644598,7.717384547814186,126.27595818815331,0.4743653087652453,129.76376306620207
9.514179383747903,123.29547038327526,6.794210205935075,123.86620209059234,7.8591321755092105,126.33937282229965,0.4787018948750372,129.76376306620207
9.688929306957732,123.39059233449477,6.919001600323396,123.86620209059234,8.003483326435802,126.33937282229965,0.4830781254924274,129.6369337979094
9.866888916934021,123.42229965156794,7.046085077476508,123.86620209059234,8.150485820323492,126.46620209059233,0.4874943630423607,129.6369337979094
10.002500404941115,123.3588850174216,7.175502736798997,123.86620209059234,8.300188355221797,126.46620209059233,0.4919509732630242,129.6369337979094
0.6080377038668479,126.06271777003484,7.307297450948429,123.86620209059234,8.452640523632633,126.59303135888501,0.4964483252361359,129.5101045296167
,,7.4415128800379655,123.86620209059234,8.607892828938992,126.59303135888501,0.5009867914175108,129.5101045296167
,,7.578193486099782,123.86620209059234,8.765996702135345,126.65644599303135,0.5055667476679069,129.5101045296167
,,7.717384547814186,123.89790940766551,8.927004518865434,126.7198606271777,0.5101885732841522,129.38327526132403
,,7.8591321755092105,123.92961672473868,9.090969616772913,126.78327526132404,0.5148526510305574,129.38327526132403
,,8.003483326435802,123.92961672473868,9.257946313170669,126.84668989547038,0.5195593671706149,129.38327526132403
,,8.150485820323492,123.92961672473868,9.42798992303478,126.91010452961672,0.5243091114989874,129.25644599303135
,,8.300188355221797,123.92961672473868,9.601156777328876,126.97351916376306,0.5291022773737905,129.25644599303135
,,8.452640523632633,123.92961672473868,9.777504241665072,127.0369337979094,0.5339392617491676,129.25644599303135
,,8.607892828938992,123.92961672473868,9.957090735307741,127.10034843205574,0.5388204652081664,129.25644599303135
,,8.765996702135345,123.92961672473868,0.21706542971038534,135.191637630662,0.5437462919959126,129.12961672473867
,,8.927004518865434,123.92961672473868,0.22256067285326075,134.9128919860627,0.5487171500530886,129.12961672473867
,,9.090969616772913,123.92961672473868,0.10356210483615585,150.38327526132403,0.5537334510497166,129.12961672473867
,,9.257946313170669,123.96132404181185,,,0.5587956104192536,129.002787456446
,,9.42798992303478,123.99303135888502,,,0.5639040473929957,129.002787456446
,,9.601156777328876,123.99303135888502,,,0.569059185034796,129.002787456446
,,9.777504241665072,123.99303135888502,,,0.5742614502761032,129.002787456446
,,9.957090735307741,123.99303135888502,,,0.5795112739513182,128.8759581881533
,,,,,,0.5848090908334731,128.8759581881533
,,,,,,0.5901553396702394,128.8759581881533
,,,,,,0.5955504632202631,128.8759581881533
,,,,,,0.6009949082898313,128.74912891986062
,,,,,,0.6064891257698771,128.74912891986062
,,,,,,0.6120335706733201,128.74912891986062
,,,,,,0.617628702172748,128.62229965156794
,,,,,,0.6232749836384457,128.62229965156794
,,,,,,0.6289728826767687,128.62229965156794
,,,,,,0.6347228711688695,128.62229965156794
,,,,,,0.640525425309776,128.62229965156794
,,,,,,0.6463810256478302,128.49547038327526
,,,,,,0.6522901571244846,128.49547038327526
,,,,,,0.6582533091144626,128.49547038327526
,,,,,,0.6642709754662889,128.49547038327526
,,,,,,0.6703436545431873,128.36864111498258
,,,,,,0.6764718492643528,128.36864111498258
,,,,,,0.6826560671466027,128.36864111498258
,,,,,,0.6888968203464079,128.36864111498258
,,,,,,0.6951946257023061,128.2418118466899
,,,,,,0.7015500047777068,128.2418118466899
,,,,,,0.7079634839040845,128.2418118466899
,,,,,,0.7144355942245668,128.2418118466899
,,,,,,0.7209668717379241,128.2418118466899
,,,,,,0.7342090968832943,128.1149825783972
,,,,,,0.740921141192594,128.1149825783972
,,,,,,0.7476945461401658,128.1149825783972
,,,,,,0.7545298726770047,128.1149825783972
,,,,,,0.761427686882245,128.1149825783972
,,,,,,0.768388560010045,128.1149825783972
,,,,,,0.7754130685368938,127.98815331010452
,,,,,,0.7825017942093531,127.98815331010452
,,,,,,0.7896553240922367,127.98815331010452
,,,,,,0.7968742506172295,127.98815331010452
,,,,,,0.8041591716319484,127.98815331010452
,,,,,,0.8115106904494568,127.98815331010452
,,,,,,0.818929415898228,127.98815331010452
,,,,,,0.8264159623725651,127.98815331010452
,,,,,,0.8339709498834852,127.98815331010452
,,,,,,0.8570528440781899,127.86132404181184
,,,,,,0.8648879099869123,127.86132404181184
,,,,,,0.8727946030516713,127.86132404181184
,,,,,,0.8807735780786338,127.86132404181184
,,,,,,0.8888254958601209,127.86132404181184
,,,,,,0.8969510232293317,127.86132404181184
,,,,,,0.9051508331155663,127.86132404181184
,,,,,,0.9134256045999585,127.86132404181184
,,,,,,0.9217760229717138,127.86132404181184
,,,,,,0.9302027797848613,127.86132404181184
,,,,,,0.9387065729155288,127.86132404181184
,,,,,,0.9472881066197371,127.86132404181184
,,,,,,0.9559480915917224,127.86132404181184
,,,,,,0.9646872450227975,127.86132404181184
,,,,,,0.973506290660744,127.86132404181184
,,,,,,1.2111339615695336,127.86132404181184
,,,,,,1.2222059911167846,127.86132404181184
,,,,,,1.267515595571001,127.86132404181184
,,,,,,1.2791030587014847,127.86132404181184
,,,,,,1.2907964529165796,127.86132404181184
,,,,,,1.3025967466245179,127.86132404181184
,,,,,,1.314504917086595,127.86132404181184
,,,,,,1.3265219504981,127.86132404181184
,,,,,,1.338648842069994,127.86132404181184
,,,,,,1.350886596111327,127.86132404181184
,,,,,,1.3632362261124105,127.86132404181184
,,,,,,1.3756987548287545,127.86132404181184
,,,,,,1.3882752143657675,127.86132404181184
,,,,,,1.4009666462642292,127.98815331010452
,,,,,,1.413774101586553,127.98815331010452
,,,,,,1.426698641003828,127.98815331010452
,,,,,,1.439741334883658,127.98815331010452
,,,,,,1.452903263378812,127.98815331010452
,,,,,,1.4661855165166744,127.98815331010452
,,,,,,1.479589194289517,127.98815331010452
,,,,,,1.4931154067456,127.98815331010452
,,,,,,1.5067652740811004,128.1149825783972
,,,,,,1.5205399267328839,128.1149825783972
,,,,,,1.534440505472121,128.1149825783972
,,,,,,1.548468161498767,128.1149825783972
,,,,,,1.562624056536897,128.1149825783972
,,,,,,1.5769093629309152,128.1149825783972
,,,,,,1.5913252637426485,128.1149825783972
,,,,,,1.6058729528493214,128.2418118466899
,,,,,,1.6205536350424268,128.2418118466899
,,,,,,1.6353685261275075,128.2418118466899
,,,,,,1.650318853024843,128.2418118466899
,,,,,,1.6654058538710557,128.2418118466899
,,,,,,1.6806307781216558,128.2418118466899
,,,,,,1.6959948866545131,128.2418118466899
,,,,,,1.7114994518742768,128.36864111498258
,,,,,,1.727145757817757,128.36864111498258
,,,,,,1.7429351002602607,128.36864111498258
,,,,,,1.758868786822906,128.36864111498258
,,,,,,1.7749481370809104,128.36864111498258
,,,,,,1.8075491674110873,128.49547038327526
,,,,,,1.824073547392761,128.49547038327526
,,,,,,1.8407489911123962,128.49547038327526
,,,,,,1.8575768795750882,128.49547038327526
,,,,,,1.8745586064108979,128.62229965156794
,,,,,,1.8916955779902749,128.62229965156794
,,,,,,1.9089892135405249,128.62229965156794
,,,,,,1.926440945263342,128.62229965156794
,,,,,,1.9440522184534264,128.62229965156794
,,,,,,1.961824491618174,128.74912891986062
,,,,,,1.9797592365984633,128.74912891986062
,,,,,,1.9978579386905548,128.74912891986062
,,,,,,2.016122096769093,128.74912891986062
,,,,,,2.034553223411241,128.8759581881533
,,,,,,2.0531528450219434,128.8759581881533
,,,,,,2.0719225019603433,128.8759581881533
,,,,,,2.0908637486673483,128.8759581881533
,,,,,,2.109978153794359,129.002787456446
,,,,,,2.1292673003331863,129.002787456446
,,,,,,2.1487327857471485,129.002787456446
,,,,,,2.168376222103362,129.12961672473867
,,,,,,2.1881992362062546,129.12961672473867
,,,,,,2.20820346973229,129.12961672473867
,,,,,,2.2283905793659216,129.25644599303135
,,,,,,2.2283905793659216,129.12961672473867
,,,,,,2.248762236936799,129.25644599303135
,,,,,,2.269320129558225,129.25644599303135
,,,,,,2.290065959766866,129.25644599303135
,,,,,,2.3110014456637638,129.38327526132403
,,,,,,2.3321283210566146,129.38327526132403
,,,,,,2.3534483356033613,129.38327526132403
,,,,,,2.374963254957089,129.5101045296167
,,,,,,2.396674860912258,129.5101045296167
,,,,,,2.4185849515522624,129.5101045296167
,,,,,,2.4406953413983374,129.6369337979094
,,,,,,2.4630078615598396,129.6369337979094
,,,,,,2.4855243598858907,129.76376306620207
,,,,,,2.4855243598858907,129.6369337979094
,,,,,,2.5082467011184044,129.76376306620207
,,,,,,2.5311767670465275,129.76376306620207
,,,,,,2.5543164566624785,129.89059233449478
,,,,,,2.5776676863188133,129.89059233449478
,,,,,,2.6012323898871377,129.89059233449478
,,,,,,2.6250125189182607,130.01742160278746
,,,,,,2.6490100428038117,130.01742160278746
,,,,,,2.673226948939347,130.01742160278746
,,,,,,2.6976652428889345,130.14425087108015
,,,,,,2.722326948551249,130.14425087108015
,,,,,,2.7472141083271797,130.27108013937283
,,,,,,2.7723287832889865,130.27108013937283
,,,,,,2.797673053350981,130.3979094076655
,,,,,,2.823249017441781,130.3979094076655
,,,,,,2.8490587936781386,130.3979094076655
,,,,,,2.8751045195403564,130.5247386759582
,,,,,,2.9013883520492993,130.5247386759582
,,,,,,2.927912467945042,130.65156794425087
,,,,,,2.9546790638671334,130.65156794425087
,,,,,,2.9816903565365145,130.77839721254355
,,,,,,3.008948582939103,130.77839721254355
,,,,,,3.036456000511053,130.90522648083623
,,,,,,3.036456000511053,130.77839721254355
,,,,,,3.064214887325702,130.90522648083623
,,,,,,3.0922275422822434,131.03205574912892
,,,,,,3.0922275422822434,130.90522648083623
,,,,,,3.1204962852961082,131.03205574912892
,,,,,,3.1490234574910927,131.1588850174216
,,,,,,3.1490234574910927,131.03205574912892
,,,,,,3.1778114213932396,131.1588850174216
,,,,,,3.2068625611265036,131.28571428571428
,,,,,,3.2361792826101903,131.28571428571428
,,,,,,3.265764013758203,131.41254355400696
,,,,,,3.2956192046801234,131.41254355400696
,,,,,,3.325747327884118,131.53937282229964
,,,,,,3.356150878481696,131.53937282229964
,,,,,,3.386832374394358,131.66620209059232
,,,,,,3.417794356562117,131.793031358885
,,,,,,3.4490393891539233,131.793031358885
,,,,,,3.480570059780034,131.91986062717768
,,,,,,3.5123889797063015,131.91986062717768
,,,,,,3.544498784070428,132.04668989547037
,,,,,,3.5769021321002077,132.17351916376305
,,,,,,3.5769021321002077,132.04668989547037
,,,,,,3.6096017073337485,132.17351916376305
,,,,,,3.642600217841717,132.30034843205573
,,,,,,3.675900396451605,132.30034843205573
,,,,,,3.709505000974065,132.4271777003484
,,,,,,3.7434168144312956,132.4271777003484
,,,,,,3.7776386452875186,132.5540069686411
,,,,,,3.8121733276815766,132.6808362369338
,,,,,,3.847023721661642,132.6808362369338
,,,,,,3.88219271342207,132.80766550522648
,,,,,,3.9176832155424375,132.93449477351916
,,,,,,3.953498167228744,132.93449477351916
,,,,,,3.9896405345568247,133.06132404181184
,,,,,,4.026113310718001,133.18815331010452
,,,,,,4.06291951626696,133.18815331010452
,,,,,,4.100062199371902,133.3149825783972
,,,,,,4.137544436066994,133.4418118466899
,,,,,,4.1753693305071025,133.56864111498257
,,,,,,4.1753693305071025,133.4418118466899
,,,,,,4.21354001522488,133.56864111498257
,,,,,,4.252059651390178,133.69547038327525
,,,,,,4.290931429071861,133.82229965156793
,,,,,,4.330158567501987,133.9491289198606
,,,,,,4.330158567501987,133.82229965156793
,,,,,,4.36974431534241,133.9491289198606
,,,,,,4.409691950953837,134.0759581881533
,,,,,,4.450004782667322,134.20278745644598
,,,,,,4.490686149058246,134.32961672473868
,,,,,,4.53173941922282,134.32961672473868
,,,,,,4.573167993057094,134.45644599303137
,,,,,,4.6149753015385215,134.58327526132405
,,,,,,4.657164807010114,134.71010452961673
,,,,,,4.699740003467171,134.8369337979094
,,,,,,4.699740003467171,134.71010452961673
,,,,,,4.74270441684664,134.9637630662021
,,,,,,4.74270441684664,134.8369337979094
,,,,,,4.78606160531913,134.9637630662021
,,,,,,4.829815159583585,135.09059233449477
,,,,,,4.873968703164655,135.21742160278745
,,,,,,4.918525892712773,135.34425087108013
,,,,,,4.963490418307003,135.47108013937282
,,,,,,5.008866003760637,135.5979094076655
,,,,,,5.054656406929573,135.72473867595818
,,,,,,5.054656406929573,135.5979094076655
,,,,,,5.10086542002355,135.85156794425086
,,,,,,5.10086542002355,135.72473867595818
,,,,,,5.147496869920195,135.97839721254354
,,,,,,5.147496869920195,135.85156794425086
,,,,,,5.194554618481948,135.97839721254354
,,,,,,5.242042562875904,136.10522648083622
,,,,,,5.289964635896542,136.2320557491289
,,,,,,5.338324806291448,136.35888501742158
,,,,,,5.3871270790899795,136.48571428571427
,,,,,,5.4363754959349535,136.61254355400695
,,,,,,5.48607413541736,136.73937282229963
,,,,,,5.536227113414148,136.8662020905923
,,,,,,5.586838583429056,136.99303135888502
,,,,,,5.637912736936639,137.1198606271777
,,,,,,5.689453803729357,137.24668989547038
,,,,,,5.74146605226789,137.50034843205574
,,,,,,5.74146605226789,137.37351916376306
,,,,,,5.793953790034626,137.62717770034843
,,,,,,5.793953790034626,137.50034843205574
,,,,,,5.846921363890406,137.7540069686411
,,,,,,5.846921363890406,137.62717770034843
,,,,,,5.9003731604344924,137.8808362369338
,,,,,,5.9003731604344924,137.7540069686411
,,,,,,5.9543136063678865,138.00766550522647
,,,,,,5.9543136063678865,137.8808362369338
,,,,,,6.008747168859908,138.13449477351915
,,,,,,6.06367835591816,138.26132404181183
,,,,,,6.119111716761868,138.3881533101045
,,,,,,6.175051842198626,138.64181184668988
,,,,,,6.175051842198626,138.5149825783972
,,,,,,6.231503365004606,138.76864111498256
,,,,,,6.231503365004606,138.64181184668988
,,,,,,6.288470960308194,138.89547038327527
,,,,,,6.288470960308194,138.76864111498256
,,,,,,6.345959345977219,139.02229965156795
,,,,,,6.345959345977219,138.89547038327527
,,,,,,6.403973283009634,139.14912891986063
,,,,,,6.46251757592782,139.2759581881533
,,,,,,6.521597073176477,139.52961672473867
,,,,,,6.521597073176477,139.402787456446
,,,,,,6.581216667524165,139.65644599303135
,,,,,,6.581216667524165,139.52961672473867
,,,,,,6.641381296468481,139.78327526132404
,,,,,,6.641381296468481,139.65644599303135
,,,,,,6.702095942644999,139.91010452961672
,,,,,,6.763365634239902,140.0369337979094
,,,,,,6.763365634239902,139.91010452961672
,,,,,,6.825195445406392,140.29059233449476
,,,,,,6.825195445406392,140.16376306620208
,,,,,,6.887590496684924,140.41742160278744
,,,,,,6.887590496684924,140.29059233449476
,,,,,,6.950555955427271,140.54425087108012
,,,,,,7.01409703622447,140.6710801393728
,,,,,,7.078219001338653,140.92473867595817
,,,,,,7.078219001338653,140.7979094076655
,,,,,,7.14292716113889,141.05156794425085
,,,,,,7.208226874540951,141.17839721254353
,,,,,,7.274123549451115,141.43205574912892
,,,,,,7.274123549451115,141.30522648083624
,,,,,,7.340622643214042,141.5588850174216
,,,,,,7.407729663064735,141.81254355400696
,,,,,,7.407729663064735,141.68571428571428
,,,,,,7.475450166584603,141.93937282229965
,,,,,,7.475450166584603,141.81254355400696
,,,,,,7.543789762161765,142.06620209059233
,,,,,,7.61275410945549,142.3198606271777
,,,,,,7.61275410945549,142.193031358885
,,,,,,7.682348919864916,142.44668989547037
,,,,,,7.752579957002053,142.70034843205573
,,,,,,7.752579957002053,142.57351916376305
,,,,,,7.823453037169109,142.82717770034841
,,,,,,7.894974029840154,143.08083623693378
,,,,,,7.894974029840154,142.9540069686411
,,,,,,7.967148858147247,143.20766550522646
,,,,,,8.039983499370946,143.46132404181185
,,,,,,8.039983499370946,143.33449477351917
,,,,,,8.113483985435332,143.58815331010453
,,,,,,8.187656403407555,143.8418118466899
,,,,,,8.187656403407555,143.7149825783972
,,,,,,8.26250689600194,144.09547038327526
,,,,,,8.26250689600194,143.96864111498257
,,,,,,8.33804166208872,144.22229965156794
,,,,,,8.33804166208872,144.09547038327526
,,,,,,8.414266957207369,144.4759581881533
,,,,,,8.414266957207369,144.34912891986062
,,,,,,8.491189094084719,144.60278745644598
,,,,,,8.491189094084719,144.4759581881533
,,,,,,8.568814443157722,144.85644599303134
,,,,,,8.568814443157722,144.72961672473866
,,,,,,8.647149433101035,145.1101045296167
,,,,,,8.647149433101035,144.98327526132402
,,,,,,8.726200551359428,145.2369337979094
,,,,,,8.726200551359428,145.1101045296167
,,,,,,8.80597434468506,145.49059233449475
,,,,,,8.80597434468506,145.36376306620207
,,,,,,8.886477419679618,145.74425087108014
,,,,,,8.886477419679618,145.61742160278743
,,,,,,8.967716443341514,145.87108013937282
,,,,,,8.967716443341514,145.74425087108014
,,,,,,9.049698143617984,146.12473867595818
,,,,,,9.049698143617984,145.9979094076655
,,,,,,9.132429309962285,146.37839721254355
,,,,,,9.132429309962285,146.25156794425087
,,,,,,9.215916793895977,146.50522648083623
,,,,,,9.300167509576337,146.7588850174216
,,,,,,9.300167509576337,146.6320557491289
,,,,,,9.385188434368986,147.01254355400695
,,,,,,9.385188434368986,146.88571428571427
,,,,,,9.470986609425683,147.26620209059232
,,,,,,9.470986609425683,147.13937282229963
,,,,,,9.557569140267512,147.393031358885
,,,,,,9.644943197373301,147.6466898954704
,,,,,,9.644943197373301,147.51986062717768
,,,,,,9.733116016773465,147.90034843205575
,,,,,,9.733116016773465,147.77351916376307
,,,,,,9.82209490064927,148.1540069686411
,,,,,,9.82209490064927,148.02717770034843
,,,,,,9.911887217937585,148.40766550522648
,,,,,,9.911887217937585,148.2808362369338
,,,,,,1.1882793959256501,127.80487804878048
,,,,,,1.1531591538714614,127.80487804878048
,,,,,,1.1246865137966617,127.80487804878048
,,,,,,1.0860019845830795,127.80487804878048
,,,,,,1.0382134359194233,127.80487804878048
,,,,,,1.0075284747070836,127.80487804878048
,,,,,,1.059187521441768,127.80487804878048
