Red window c2,,Black window c1,,Blue 12um Be window 500um Si detector,,Green 25um Be window 1000um Si detector,,Violet 100um Be window 750 um CdTe detector,
Energy(keV),Intrinsic Efficiency,Energy(keV),Intrinsic Efficiency,Energy(keV),Intrinsic Efficiency,Energy(keV),Intrinsic Efficiency,Energy(keV),Intrinsic Efficiency
0.14456415494897817,1.022850727135765,0.26115958124689426,1.0672534245547594,0.6797259428042937,1.157445098564667,0.7467850319672888,1.0254884213998303,1.3460712464167837,1.1754696433603427
0.1468489734856671,1.1937748789771172,0.26469354943302553,1.21236517652882,0.6782049367512661,1.1135836755118957,0.7551967282254843,1.1754696433603427,1.3460712464167837,1.1396969405025192
0.14652037314325403,1.148536737607373,0.26469354943302553,1.1754696433603427,0.6782049367512661,1.0796943291077385,0.7551967282254843,1.1396969405025192,1.3460712464167837,1.1050128972089666
0.14652037314325403,1.1135836755118957,0.26469354943302553,1.1441083016506213,0.6736623092527516,1.0549558717837835,0.7551967282254843,1.1050128972089666,1.3460712464167837,1.0755313301955034
0.1455389773437462,1.0880687297623242,0.26292062781129033,1.1050128972089666,0.6827781960133613,1.21236517652882,0.7551967282254843,1.0713843826410228,1.3460712464167837,1.0387792742205573
0.1455389773437462,1.0549558717837835,0.26647842618777173,1.8400555420198574,0.6982462854793778,1.6771226565038546,0.7654159252355156,1.2170578105501866,1.4014584605337121,1.8978110363160379
0.14883610946584686,1.4149582666275604,0.26827533869116554,1.7840577027575897,0.70611124716908,1.9573793547608505,0.760289157143217,1.0387792742205573,1.4014584605337121,1.8400555420198574
0.1485030625580407,1.3613383729397055,0.2700843681024496,1.8832043947040915,0.70611124716908,1.8978110363160379,0.760289157143217,1.014978281614112,1.4014584605337121,1.7840577027575897
0.1485030625580407,1.319909184717618,0.2719055961281381,1.4593708466999176,0.70611124716908,1.847177742001228,0.7775132289888027,1.6599339752961328,1.4014584605337121,1.7297640283590634
0.14750838667316554,1.289666813189542,0.2719055961281381,1.3508607324656987,0.701381702757673,1.7567011239100934,0.7862710439409227,1.9573793547608505,1.3920714693812413,1.6771226565038546
0.14750838667316554,1.2504187833025773,0.2755849776073091,1.7297640283590634,0.7156662275816345,2.2149460132308265,0.7862710439409227,1.8978110363160379,1.3920714693812413,1.6386956442037661
0.1505125813975086,1.482097190465568,0.2755849776073091,1.6771226565038546,0.7156662275816345,2.1475392486027607,0.7862710439409227,1.8400555420198574,1.4204227642366978,2.2149460132308265
0.1525492927129875,1.5286171209109043,0.27373910502570686,1.6386956442037661,0.7156662275816345,2.0821838531234156,0.7862710439409227,1.7840577027575897,1.4204227642366978,2.1475392486027607
0.1549603153615302,1.5806628923962502,0.2793141478670792,1.9573793547608505,0.7156662275816345,2.026631521602889,0.7862710439409227,1.7297640283590634,1.4204227642366978,2.0821838531234156
0.15776246511864409,1.6011490894352622,0.2793141478670792,1.9051567872560653,0.7108726837588139,1.7978953358644874,0.7969107334430152,2.3561732236890736,1.4204227642366978,2.0188173981121156
0.1588262861198165,1.5584306883216097,0.2774432972435154,1.4706901209096719,0.7269772435346409,2.506405224717689,0.7969107334430152,2.2844685351939824,1.41090874987513,1.9573793547608505
0.16351969487405782,1.6011490894352622,0.2774432972435154,1.3404637339188459,0.7253505044061216,2.411424909850621,0.7969107334430152,2.2149460132308265,1.4396436897555036,2.5850760416329206
0.1620609841706152,1.5524218161016,0.2837286733269445,2.1475392486027607,0.7204920951424552,2.3561732236890736,0.7969107334430152,2.1475392486027607,1.4396436897555036,2.506405224717689
0.1620609841706152,1.516852007303822,0.2830937806409786,2.0661581726258484,0.7204920951424552,2.2844685351939824,0.7969107334430152,2.0821838531234156,1.4396436897555036,2.4301285723587167
0.1653615609354194,1.7297640283590634,0.28119761397672777,2.0188173981121156,0.7351658272601667,2.8803843781443055,0.7969107334430152,2.026631521602889,1.4300009333278183,2.3561732236890736
0.1653615609354194,1.6836142012861366,0.2830937806409786,1.7567011239100934,0.7351658272601667,2.792726534270846,0.7915730126223139,1.690130872527415,1.4300009333278183,2.2844685351939824
0.1675992061819184,1.8978110363160379,0.2869245587793884,2.39286520145063,0.7351658272601667,2.7077363543560042,0.807694397460732,2.666216170921535,1.4591247096540263,3.0170568948888015
0.1675992061819184,1.8400555420198574,0.2869245587793884,2.320043877383413,0.7302416748072555,2.6253326542104194,0.807694397460732,2.5850760416329206,1.4591247096540263,2.9252397387285884
0.1675992061819184,1.790963155037251,0.2869245587793884,2.2581454785339363,0.7451139694369309,3.2594069613667567,0.807694397460732,2.506405224717689,1.4591247096540263,2.836216825587006
0.1698671308731738,2.2149460132308265,0.28500273350198196,1.8832043947040915,0.7451139694369309,3.1602144408450243,0.807694397460732,2.4301285723587167,1.4591247096540263,2.7605470151988616
0.1698671308731738,2.1475392486027607,0.29080717437290743,2.7077363543560042,0.7451139694369309,3.0640406155166433,0.818623984233366,3.0170568948888015,1.4493514690439135,2.666216170921535
0.1698671308731738,2.0821838531234156,0.29080717437290743,2.6253326542104194,0.74012318416883,2.970793618367625,0.818623984233366,2.9252397387285884,1.4788693434863207,3.521224196270132
0.1698671308731738,2.026631521602889,0.29080717437290743,2.545436720297967,0.7551967282254843,3.688304179267365,0.818623984233366,2.836216825587006,1.4788693434863207,3.414063873091684
0.1687293581175012,1.9573793547608505,0.2888593432742433,2.4679722345471444,0.7551967282254843,3.576059162818435,0.818623984233366,2.7605470151988616,1.4788693434863207,3.310164726772087
0.1725518598056687,2.5850760416329206,0.2888593432742433,1.8118402973889058,0.7551967282254843,3.4806504774365417,0.831562234758987,3.414063873091684,1.4788693434863207,3.221850062332944
0.17216574474561552,2.4871144933692046,0.2947423288773903,3.0640406155166433,0.750138408477978,3.361712927609224,0.8297014683634609,3.2846878015591727,1.4689638530034421,3.1117559995107866
0.17216574474561552,2.420758677259163,0.2947423288773903,2.970793618367625,0.7654159252355156,4.173638910403739,0.8297014683634609,3.184725917073592,1.5022426900156258,3.984573289919757
0.17101257583751234,2.3561732236890736,0.2947423288773903,2.8803843781443055,0.7654159252355156,4.046623852702283,0.8297014683634609,3.099757939974981,1.4988811584324653,3.8335777438064502
0.17101257583751234,2.2844685351939824,0.2927681400510036,2.792726534270846,0.7654159252355156,3.938660576804731,0.8409288511735554,3.8040723319799836,1.4988811584324653,3.7169116620525093
0.17449546308015906,2.8803843781443055,0.29873073324067584,3.361712927609224,0.760289157143217,3.8040723319799836,0.8409288511735554,3.688304179267365,1.4888416284934527,3.631748057827055
0.17449546308015906,2.803536184532013,0.29873073324067584,3.2594069613667567,0.7757734067264334,4.7228376261244875,0.8409288511735554,3.576059162818435,1.5191637699430278,4.3046407050667055
0.17332668968144127,2.7077363543560042,0.29873073324067584,3.1724465059744316,0.7757734067264334,4.579108974347379,0.852308161067753,4.3046407050667055,1.5191637699430278,4.173638910403739
0.1772533422290697,3.1602144408450243,0.3027731080310312,3.688304179267365,0.7757734067264334,4.4569390807378495,0.852308161067753,4.173638910403739,1.543173964884209,4.871077619618377
0.1768567067772323,3.05222653313651,0.3027731080310312,3.576059162818435,0.7705772640576809,4.3046407050667055,0.852308161067753,4.046623852702283,1.5397208423922535,4.686487960495958
0.17567211773051825,2.970793618367625,0.3007451289176074,3.46723006412066,0.7880344091899035,5.344304028586766,0.852308161067753,3.938660576804731,1.5294077675977946,4.579108974347379
0.1796519050898777,3.414063873091684,0.3075583994463504,3.9234742048336457,0.7862710439409227,5.141781437916021,0.8465993873920244,3.4941228363949803,1.5294077675977946,4.439754372024648
0.1780492837233793,3.310164726772087,0.3048147621765305,3.8040723319799836,0.7862710439409227,5.004599533149672,0.8657787858299298,4.871077619618377,1.5294077675977946,4.078010559594534
0.18167548241552556,3.688304179267365,0.3110227000510161,4.238633735294215,0.7810045879304415,4.871077619618377,0.8638414538981851,4.686487960495958,1.5605560897400939,5.427529269666824
0.18167548241552556,3.5899008148344644,0.3110227000510161,4.109640710257545,0.7969107334430152,6.141724284718915,0.8638414538981851,4.543865526812066,1.5605560897400939,5.262354955797783
0.18413388494470384,3.9234742048336457,0.3152314076997921,4.650418062730717,0.7969107334430152,5.954815095602085,0.8580554300428709,4.439754372024648,1.5605560897400939,5.102207340562055
0.18413388494470384,3.8187965418058565,0.3152314076997921,4.508893333051478,0.7969107334430152,5.773594055831726,0.8755308133364341,5.427529269666824,1.5852204851612095,6.141724284718915
0.18704409815559767,4.173638910403739,0.31311998269620545,4.371675581549387,0.7915730126223139,5.59788805972405,0.8755308133364341,5.262354955797783,1.5816732762031904,5.908983425165754
0.18537553322703976,4.046623852702283,0.3194970668831987,5.102207340562055,0.807694397460732,6.738394334981668,0.8755308133364341,5.102207340562055,1.5816732762031904,5.751332694327696
0.18915094024967155,4.371675581549387,0.3194970668831987,4.946933448000135,0.807694397460732,6.53332687139746,0.8893684692370928,6.141724284718915,1.57107920333701,5.59788805972405
0.192140447397326,4.650418062730717,0.31735707042627137,4.796384957622415,0.807694397460732,6.359018757468231,0.8873783512499813,5.908983425165754,1.6066714261369002,6.843329325585046
0.19042641944859112,4.508893333051478,0.3245466783936738,5.59788805972405,0.8204599072231584,7.393031029850459,0.8873783512499813,5.729157166398254,1.6030762169349408,6.584001118129558
0.19474046009886747,5.023970556408372,0.32382044825996714,5.406602237046005,0.818623984233366,7.112871856819568,0.8873783512499813,5.576304171326019,1.5923387868298957,6.433145430282862
0.19430469415273083,4.852296108698852,0.32165149372552604,5.262354955797783,0.8131408277120713,6.949898437272106,0.8814346768802778,4.985303199130865,1.6284126376920152,7.625082808574106
0.19693399308280748,5.427529269666824,0.3289383902768137,6.047547642116608,0.8297014683634609,7.986888429289356,0.9014032560177501,6.843329325585046,1.6247687787147667,7.336130025159996
0.19693399308280748,5.262354955797783,0.32600402844939275,5.863504501537049,0.8297014683634609,7.7438259323942535,0.8993862080837475,6.584001118129558,1.613886051484451,7.168041210893105
0.20004651041505056,5.773594055831726,0.3333895300775646,6.53332687139746,0.8409288511735554,8.76281663765978,0.8993862080837475,6.383632255398981,1.6504480477199444,8.496140558403091
0.19826195482281123,5.59788805972405,0.3304154609520419,6.3345001622912935,0.8409288511735554,8.496140558403091,0.9115565532468008,7.625082808574106,1.646754880646708,8.17417901067176
0.20229981010785572,6.047547642116608,0.3371447894127543,7.058127117719547,0.8352962962972464,8.237580149505416,0.9115565532468008,7.393031029850459,1.6357248901544945,7.986888429289356
0.20549713351258364,6.433145430282862,0.3371447894127543,6.843329325585046,0.854219627354387,9.614126465527617,0.9115565532468008,7.168041210893105,1.669038494867471,9.46670432312859
0.2036639545281656,6.237367511883548,0.3424733209887194,7.508160481034463,0.852308161067753,9.285601480628248,0.9238915855042933,8.365861510406992,1.669038494867471,9.178607048386517
0.20827788667778374,6.755771087634676,0.33941821805843,7.2796669632188244,0.8465993873920244,9.037863121191076,0.9238915855042933,8.111265843345814,1.669038494867471,8.899277348597746
0.2110962685341174,7.076328386897487,0.346330899045826,8.111265843345814,0.8638414538981851,10.386397015677108,0.9238915855042933,7.894858570517938,1.6954174412450609,10.386397015677108
0.21395278826679887,7.412095938369511,0.346330899045826,7.894858570517938,0.8638414538981851,10.070311018642727,0.9177033449083727,7.003803725512797,1.6916236472640584,9.992804132469443
0.2163627265910223,7.7438259323942535,0.351017391393756,8.628448402874684,0.8755308133364341,11.395438083315431,0.9363935333747024,9.178607048386517,1.6802931250564068,9.763844368661076
0.21978231264634976,8.237580149505416,0.351017391393756,8.398242782239778,0.8755308133364341,11.048644252618264,0.9363935333747024,8.899277348597746,1.7145144182011083,11.220701470286532
0.21782169981539068,7.986888429289356,0.35576730057970923,9.178607048386517,0.8696664939649025,10.712404290945726,0.9363935333747024,8.661846055092699,1.7145144182011083,10.879225344705418
0.2222579140279611,8.628448402874684,0.35576730057970923,8.93372328325514,0.8873783512499813,12.310795424343873,0.9511931170159255,10.070311018642727,1.7416121059059821,12.310795424343873
0.22577067278946827,9.178607048386517,0.3605814847498312,10.070311018642727,0.8873783512499813,11.936144807761757,0.9490646555324486,9.688696225500992,1.737714943258077,11.89012237667975
0.22375663957362182,8.899277348597746,0.3605814847498312,9.763844368661076,0.9014032560177501,13.506792278662756,0.9490646555324486,9.430203362868653,1.7260757008136967,11.57289581712396
0.22882576412936878,9.638919062882588,0.358166304205841,9.46670432312859,0.8993862080837475,13.045250739210683,0.9619072412159603,10.879225344705418,1.7612294139763973,13.299680352082767
0.2319221964591322,10.096280009920275,0.3654608136625591,10.712404290945726,0.8933621048971847,12.697205540057904,0.9619072412159603,10.548141256079447,1.7612294139763973,12.894935307388113
0.23506052919818426,10.879225344705418,0.3654608136625591,10.426599061181864,0.9136008955392744,14.591747624444698,0.9749236106412613,11.753117046908532,1.7850620786167464,14.147681497434053
0.23453454002339535,10.50747057791496,0.3712368764893666,11.395438083315431,0.9054509328939536,14.257414733961179,0.9749236106412613,11.220701470286532,1.7850620786167464,13.770223622322145
0.23770822256276214,11.395438083315431,0.3679251824107744,11.048644252618264,0.9259635914979746,15.763853796126318,0.9683935567258999,10.227132946773065,1.7731057043035143,12.59948056784103
0.3075583994463504,24.740041039945517,0.3762603923977946,11.936144807761757,0.9177033449083727,15.28411732574761,0.990332157374267,12.894935307388113,1.8132747633434931,15.522132293146015
0.3048147621765305,23.925436908541464,0.38135188569123035,12.534748804295578,0.938493577410213,16.55441942976372,0.988116115421154,12.406281276664027,1.80921724292656,14.933920539487
0.3152314076997921,25.947332698756433,0.3865122762283859,13.506792278662756,0.9490646555324486,17.83817992866774,0.988116115421154,12.075283680373815,1.7970990769369797,14.591747624444698
0.31311998269620545,25.255062020548795,0.3830643148388998,13.095744260982194,0.9490646555324486,17.429463275254303,1.0014871389900757,13.506792278662756,1.8336992709179363,16.258648190761047
0.3194970668831987,26.761765193570742,0.39174249631534863,14.147681497434053,0.9619072412159603,18.97556042278793,1.017315518993595,15.049752058250984,1.8585125856560611,17.295316134849624
0.32382044825996714,27.60176102070557,0.39704349087401775,14.81898052648918,0.9619072412159603,18.469295511640325,1.0150390970347036,14.47944117034378,1.8585125856560611,16.83387987203631
0.328202332917255,28.468122559687146,0.39615503640302463,13.248400509866165,0.9749236106412613,20.185461453957206,1.0082403489507625,14.147681497434053,1.846064238673543,15.763853796126318
0.3326435125117617,29.47532597602437,0.39882638187882474,14.147681497434053,0.9749236106412613,19.64691657719095,1.0082403489507625,13.19731838835775,1.887886146535489,18.39808308137012
0.3424733209887194,31.19361314383658,0.40151574072311785,13.611554605416163,0.988116115421154,21.472507005372986,1.0310816640540825,16.258648190761047,1.8710448741067853,17.83817992866774
0.33941821805843,30.1665151653263,0.40241621761281876,12.894935307388113,0.988116115421154,20.899623959550695,1.0287744379303871,15.642526141045273,1.9134327090971246,19.87593942056964
0.351017391393756,32.715833292781454,0.40151574072311785,12.406281276664027,1.0014871389900757,22.841615890104052,1.0426956431834848,17.564650897089813,1.9091510677041374,19.196757310638336
0.3486662712998206,31.842980103412707,0.40151574072311785,12.028724768771605,1.0014871389900757,22.232205238643964,1.0426956431834848,17.030111327401936,1.9349853836559867,20.81904086351681
0.35576730057970923,33.61261240515481,0.40151574072311785,11.662658320911923,1.017315518993595,24.298020549743022,1.0568052278796884,18.68459090197084,1.965567587621831,22.146484082451963
0.361390158634662,34.75704178536593,0.40151574072311785,11.307732259653857,1.0082403489507625,23.55856643106887,1.0568052278796884,18.11596854567976,1.94803334209494,21.472507005372986
0.370406168845757,36.59425121640531,0.40151574072311785,10.96360755306931,1.0287744379303871,25.450947098588678,1.0497267295842672,16.639909516632674,1.9877075031454088,23.19732151219133
0.3679251824107744,35.480589725899485,0.40694898520594225,10.548141256079447,1.0426956431834848,27.073725369834733,1.0711057411384124,19.87593942056964,2.019122973669934,24.676406324055975
0.3804985439398817,38.035612085101846,0.40694898520594225,10.227132946773065,1.0357116511117141,26.249799087790787,1.0711057411384124,19.271061124538498,2.001110976426863,23.925436908541464
0.3779499586153252,37.16412249680754,0.40694898520594225,9.915893783721181,1.0568052278796884,28.799973634060912,1.0880344345131336,21.143249532345084,2.001110976426863,22.665813720783675
0.3865122762283859,39.330634067916506,0.40694898520594225,9.614126465527617,1.0497267295842672,27.92351297432052,1.0855997665733328,20.42076208033964,2.046445411233848,25.84728705168
0.39615503640302463,40.46080139480225,0.40694898520594225,9.393843140087613,1.0735079034162447,29.78054412881575,1.1002899227591585,22.146484082451963,2.0741375714962653,27.073725369834733
0.39615503640302463,39.381313697643066,0.4189745634421186,11.220701470286532,1.0880344345131336,31.19361314383658,1.1151788637047164,23.55856643106887,2.102204457483488,28.35835745297653
0.40151574072311785,38.035612085101846,0.4180370343485094,10.837278099031353,1.1027575362221598,32.67373143883612,1.1151788637047164,22.841615890104052,2.1306511399219414,29.78054412881575
0.40151574072311785,37.020828050076254,0.41523701561563864,10.548141256079447,1.1151788637047164,34.136051520105255,1.1077093778642069,21.639053565703616,2.159482758154282,31.19361314383658
0.4042232344033245,39.22947038267337,0.41523701561563864,10.227132946773065,1.1328041273146028,35.298302755240364,1.1328041273146028,25.060684586356118,2.188704521067899,32.67373143883612
0.40694898520594225,35.75578675696216,0.423693842239527,11.753117046908532,1.1481330450894531,36.973186118368425,1.1302692793324423,24.204334188343275,2.213357824015954,34.136051520105255
0.4042232344033245,34.93653358416599,0.429427197117741,12.894935307388113,1.1610654768146151,38.62792924529293,1.145563895964356,26.249799087790787,2.2433086153951236,35.20751076893824
0.4133807634376446,36.973186118368425,0.429427197117741,12.50250774302893,1.179415972652756,39.943118216390275,1.1636693912400324,27.92351297432052,2.278763829793035,36.4062426390589
0.4246440578215069,38.72754169577075,0.429427197117741,12.168942840036895,1.1927007714895572,41.73078131161021,1.1610654768146151,26.969336668119578,2.304431549899697,38.035612085101846
0.4208559341170528,37.45237746247136,0.4362142407004277,13.299680352082767,1.208840200730078,43.04062324136642,1.1532886417066037,25.648351514168393,2.3356147358489947,39.22947038267337
0.4352381348043003,40.14939187404552,0.44211701953631255,13.966666379782607,1.225198026053201,44.3915783692709,1.1767768224887345,29.248466971261255,2.3672198875043216,40.46080139480225
0.43232290282584407,38.9275378912181,0.44809967379746873,14.591747624444698,1.2417772027585332,45.78493715260985,1.1927007714895572,31.11337897176016,2.3992527148357023,41.73078131161021
0.447096972159521,41.73078131161021,0.45314701431452675,15.763853796126318,1.2585807261363067,47.22203055342416,1.1927007714895572,30.1665151653263,2.4317190050795308,43.04062324136642
0.4441023094990525,40.77462629185963,0.45314701431452675,15.28411732574761,1.2784724383938197,48.829828201139236,1.1847120426725404,28.578312528051736,2.4646246237841254,44.3915783692709
0.45416328434491776,43.151615003931255,0.45927892463764053,16.258648190761047,1.3133066946265868,51.14677435703753,1.211551259235875,32.17271540725438,2.497975515869431,45.78493715260985
0.4665377710708589,44.50605393108166,0.46549381095534975,17.295316134849624,1.3015910750871176,49.8463336290096,1.225198026053201,33.61261240515481,2.5317777067010656,47.4048102236284
0.46237592597479615,43.37445793302783,0.46549381095534975,16.83387987203631,1.3490900721472672,53.57365822287859,1.2445621288768158,34.75704178536593,2.5660373031788968,48.704231309869
0.4792494227042438,45.903005862837176,0.46237592597479615,15.642526141045273,1.3370552397091016,52.21151235975647,1.2334597592210377,32.842464637296516,2.606593204454754,50.36249436243271
0.4749741807338147,44.73589143356282,0.4728508828959017,17.884180448226413,1.3858484314540205,56.11569627727448,1.2585807261363067,36.31260088223232,2.6716228417761525,52.61647894288541
0.492307425902857,47.343805193480435,0.4781770180379814,18.68459090197084,1.3734856885937912,54.6889174072875,1.2784724383938197,37.54895843815779,2.6537282693113067,51.41090576928074
0.4879156973584646,46.14005748372971,0.4814014526567245,18.256480887698594,1.4236083376602873,58.77835251762869,1.267067564923516,35.480589725899485,2.7138475093923136,54.40794470757149
0.5057212176313194,48.829828201139236,0.492307425902857,20.499803580982874,1.41090874987513,57.28387384324109,1.29287299727743,39.22947038267337,2.7815529415171847,56.18800435916984
0.5195004919811429,50.36249436243271,0.4879156973584646,19.87593942056964,1.46239707969329,61.56735020475505,1.3103679404813986,40.46080139480225,2.7629220554884917,54.6889174072875
0.5148661821588294,49.081994474467194,0.49785271719162305,21.472507005372986,1.4493514690439135,59.5401499363555,1.3015910750871176,38.33062655925054,2.876608872499917,58.175938401152116
0.5324610600222497,51.60989908429246,0.5057212176313194,22.20359471695976,1.4988811584324653,63.82774536621959,1.3280996223583492,41.73078131161021,2.9417773908538543,61.56735020475505
0.5469689089533444,52.61647894288541,0.5125645533635476,23.19732151219133,1.4888416284934527,61.88529539997178,1.3192039898756498,39.53374474403191,3.021931349856292,63.49982053642687
0.5618720500408245,53.850322512725384,0.5183380184854367,24.298020549743022,1.5816732762031904,67.89746732515884,1.3460712464167837,43.04062324136642,2.9949735964890336,61.88529539997178
0.5771812537227917,55.540571488208585,0.5265302865710082,25.125310266558824,1.6284126376920152,69.668843982402,1.3642860595145494,44.3915783692709,3.0973228990076773,65.83116477354363
0.5929075838970963,56.405488122274534,0.5396662348716206,25.947332698756433,1.613886051484451,67.89746732515884,1.3827473524454368,45.78493715260985,3.1817149721251856,67.89746732515884
0.6090624059171703,58.175938401152116,0.5360515418110086,25.255062020548795,1.669038494867471,71.11916155816428,1.4014584605337121,47.22203055342416,3.268406457424534,70.02862679142079
0.6256573948057215,59.0818948124259,0.5469689089533444,26.761765193570742,1.7145144182011083,73.35144326701578,1.4204227642366978,48.704231309869,3.3574600064817144,71.11916155816428
0.642704543692223,60.00195941072142,0.5556136847112781,27.56624044261947,1.7612294139763973,74.49372325648,1.4396436897555036,50.232955247478614,3.4721968076009233,72.22667889520756
0.6602161724802986,60.93635189859675,0.5618720500408245,28.799973634060912,1.7970990769369797,76.24058285788392,1.4591247096540263,51.80966263158908,3.738608604338164,74.49372325648
0.6782049367512661,61.88529539997178,0.5694752095344962,29.70394456046365,1.883661670058306,71.11916155816428,1.48218599469481,53.43585956221058,4.0526058400224585,76.83192539787734
0.6966838369102728,62.849016513408394,0.5656608554854892,28.14009527824327,1.9349853836559867,73.35144326701578,1.5225707892146536,55.25522328505083,4.604575624983986,80.47755432508957
0.7156662275816345,63.82774536621959,0.5784756945813491,30.71529311181705,1.9877075031454088,74.49372325648,1.5089883867481673,53.850322512725384,4.794041536790271,81.73080710120647
0.7351658272601667,64.82171566942199,0.5929075838970963,32.5896902032616,2.0418661305831263,75.65379162905182,1.5816732762031904,60.46735080402514,5.231724357895901,84.29616616540861
0.7551967282254843,65.32449039324774,0.5889362794303514,31.59789827528204,2.102204457483488,77.62752298904296,1.6247687787147667,62.12483134857742,5.483725837796138,85.60888503651219
0.7757734067264334,66.08597377784633,0.5889362794303514,30.873912572165718,2.1546505366077424,79.24351881326446,1.6727816372656816,64.48868416477143,5.825644881009753,86.94204648422324
0.7969107334430152,66.85633372530106,0.6009307110931359,33.61261240515481,2.213357824015954,81.10175995945318,1.6578592483712975,62.849016513408394,6.147429883353361,90.01805987634842
0.818623984233366,67.37488949596538,0.6090624059171703,34.667641995139164,2.1985327179593837,79.24351881326446,1.7145144182011083,66.3417690570979,6.314927547987205,91.77373790689747
0.8409288511735554,68.16027425107778,0.6186885616923072,35.8479926195909,2.273664695921175,82.04715796101509,1.7030305732441136,64.82171566942199,6.486988984504606,92.12896137677888
0.8638414538981851,68.42409840905313,0.6341236870171909,37.45237746247136,2.3356147358489947,82.68353786485643,1.7612294139763973,67.89746732515884,6.663738540990362,92.84353846925795
0.8873783512499813,69.48964633733686,0.6298763164334522,36.59425121640531,2.3992527148357023,83.6473745497642,1.7970990769369797,70.57178772339161,6.84530395361408,93.20290275628935
0.9115565532468008,69.75861602142905,0.6441459332314186,38.72754169577075,2.4646246237841254,84.9499899839499,1.7970990769369797,68.42409840905313,7.031816438944572,93.20290275628935
0.9363935333747024,70.57178772339161,0.6616968352419994,39.943118216390275,2.5317777067010656,86.2728906569553,1.883661670058306,65.83116477354363,7.223410788779532,93.92580962799306
0.9640645046876013,70.75377595954807,0.6557940340121841,38.9275378912181,2.600760494840348,86.94204648422324,1.9220248206510568,66.85633372530106,7.420225467558998,94.6543235605254
0.988116115421154,71.67078097215015,0.6782049367512661,41.73078131161021,2.6716228417761525,87.95552433031415,2.001110976426863,71.11916155816428,7.6224027124330345,94.6543235605254
1.0150390970347036,71.94819305197484,0.6736623092527516,40.77462629185963,2.7444159594319877,88.29596885464582,2.069496324778444,72.50624265800417,7.847649127827384,94.89841505863058
1.0426956431834848,72.22667889520756,0.6889238816495376,43.04062324136642,2.8191924550913336,89.32522928676084,2.1306511399219414,74.11100032965018,8.043433332181186,96.1283469049042
1.0711057411384124,72.78688851260769,0.70611124716908,44.73589143356282,2.896006369416708,89.67097545139222,2.1116442329832994,72.22667889520756,8.262590984133688,96.1283469049042
1.1002899227591585,72.78688851260769,0.7253505044061216,46.14005748372971,2.9749132155046265,90.7162642470021,2.183806910699964,76.24058285788392,8.487719976237313,96.1283469049042
1.1302692793324423,73.92037686048728,0.7451139694369309,47.588297368870215,3.055970019004689,91.41988407921835,2.1691797371327652,74.49372325648,8.718983008278641,96.1283469049042
1.1610654768146151,73.92037686048728,0.7671325188376554,49.59024044606388,3.139235359331777,92.48555979025994,2.2433086153951236,77.42785455022992,8.956547213089417,96.1283469049042
1.1927007714895572,74.20649632518602,0.760289157143217,48.32937562712961,3.224769412001155,92.48555979025994,2.304431549899697,78.63361526795589,9.200584277332743,96.1283469049042
1.225198026053201,75.07151668188132,0.7862710439409227,50.62257560757989,3.4028925990462477,93.92580962799306,2.372528837030682,80.06408854852535,9.45127056558032,96.1283469049042
1.2585807261363067,75.07151668188132,0.807694397460732,52.21151235975647,3.4956104623086626,94.28936300141372,2.437172606381381,81.31090254631886,9.708787247770397,96.1283469049042
1.29287299727743,76.24058285788392,0.831562234758987,53.57365822287859,3.5908545887185994,95.38848804376363,2.497975515869431,83.00357640629866,9.973320430138523,96.1283469049042
1.3280996223583492,76.24058285788392,0.852308161067753,54.6889174072875,3.688693810810222,95.38848804376363,2.57179213930428,83.86308168493125,10.245061289715755,97.62532477199305
1.3642860595145494,77.12931443051315,0.8774943609229141,56.11569627727448,4.163026296500274,96.87394431107928,2.635953554978639,84.9499899839499,10.245061289715755,95.38848804376363
1.4014584605337121,77.42785455022992,0.8993862080837475,57.28387384324109,4.276455354774088,96.87394431107928,2.707774799453144,86.2728906569553,10.5242062124915,97.62532477199305
1.4396436897555036,78.63361526795589,0.9238915855042933,58.6271666826143,4.891678251677663,98.38253314257915,2.7815529415171847,86.2728906569553,10.5242062124915,95.38848804376363
1.4300009333278183,76.83192539787734,0.9177033449083727,57.28387384324109,5.0249607288824665,98.38253314257915,2.8573413003272865,87.61639246471029,10.810956935340858,97.62532477199305
1.4788693434863207,78.63361526795589,0.9490646555324486,59.5401499363555,10.108277749881207,95.38848804376363,2.9351946478152584,87.61639246471029,10.810956935340858,95.38848804376363
1.5191637699430278,78.63361526795589,0.9749236106412613,60.93635189859675,10.383695761749895,95.020696752043,3.0151692482716412,88.98081622249731,11.105520691819017,97.62532477199305
1.5605560897400939,78.02840588994513,1.0014871389900757,61.88529539997178,10.66661802737364,94.6543235605254,3.0973228990076773,89.67097545139222,11.408110361928083,97.62532477199305
1.5501034601261228,76.83192539787734,1.0287744379303871,62.849016513408394,10.957249013497512,93.92580962799306,3.1817149721251856,90.3664877415587,11.718944625964578,97.62532477199305
1.6030762169349408,78.63361526795589,1.0568052278796884,63.82774536621959,11.255798757926833,93.20290275628935,3.268406457424534,91.0673946127848,12.038248122558779,97.62532477199305
1.5923387868298957,76.83192539787734,1.0880344345131336,64.48868416477143,11.408110361928083,91.41988407921835,3.3574600064817144,91.77373790689747,12.366251611020111,97.62532477199305
1.6504480477199444,78.83639308338138,1.1151788637047164,65.32449039324774,11.718944625964578,91.0673946127848,3.4489399779263747,91.77373790689747,12.70319213810596,97.62532477199305
1.6916236472640584,79.85815293509957,1.145563895964356,66.3417690570979,11.640450947687219,89.67097545139222,3.5429124839535344,92.48555979025994,13.049313209334361,97.62532477199305
1.737714943258077,80.47755432508957,1.1767768224887345,67.37488949596538,12.038248122558779,89.67097545139222,3.639445438102594,93.20290275628935,13.404864964964437,98.38253314257915
1.7850620786167464,81.10175995945318,1.1688947525364592,65.83116477354363,12.038248122558779,87.61639246471029,3.738608604338164,93.92580962799306,13.770104360771713,98.38253314257915
1.8336992709179363,81.10175995945318,1.208840200730078,67.89746732515884,12.366251611020111,87.61639246471029,3.8404736474681958,94.6543235605254,14.145295353748995,98.38253314257915
1.8336992709179363,78.63361526795589,1.2445621288768158,68.60054825369737,12.561698683776084,85.3886874601168,3.9451141849358384,94.6543235605254,14.53070909286699,98.38253314257915
1.8336992709179363,76.24058285788392,1.2756116320085245,69.48964633733686,12.875089629532624,84.29616616540861,4.0526058400224585,94.6543235605254,14.926624115032535,98.38253314257915
1.8336992709179363,73.92037686048728,1.3103679404813986,70.29968267698482,12.875089629532624,82.36473330238766,4.163026296500274,94.6543235605254,15.333326546386065,98.38253314257915
1.8336992709179363,71.67078097215015,1.3490900721472672,70.75377595954807,13.225894353753693,81.73080710120647,4.276455354774088,94.6543235605254,15.751110309083789,98.38253314257915
1.8336992709179363,69.48964633733686,1.3827473524454368,71.67078097215015,13.225894353753693,79.85815293509957,4.392974989552718,95.75770292464838,16.180277333713995,98.38253314257915
1.8336992709179363,67.89746732515884,1.4204227642366978,72.78688851260769,13.586257376835341,79.24351881326446,4.512669409091764,96.1283469049042,16.62113777750106,98.38253314257915
1.883661670058306,68.42409840905313,1.4591247096540263,73.35144326701578,13.586257376835341,77.42785455022992,4.635625116050578,96.1283469049042,17.074010248454748,98.38253314257915
1.9349853836559867,68.42409840905313,1.4988811584324653,73.92037686048728,13.956439131636081,76.83192539787734,4.761930970007373,96.1283469049042,17.539222035626928,98.38253314257915
1.9877075031454088,69.48964633733686,1.5397208423922535,75.07151668188132,13.956439131636081,75.07151668188132,4.891678251677663,96.1283469049042,18.017109345642012,98.38253314257915
2.0418661305831263,69.48964633733686,1.5397208423922535,73.06862064741024,14.336707146971012,74.49372325648,5.0249607288824665,96.1283469049042,18.50801754567201,98.38253314257915
2.097500406184014,70.29968267698482,1.543173964884209,69.48964633733686,14.336707146971012,72.78688851260769,5.161874724313915,97.24890886438308,19.012301413032077,98.38253314257915
2.1546505366077424,70.57178772339161,1.543173964884209,65.32449039324774,14.727336240953791,72.22667889520756,5.302519185147263,97.62532477199305,19.5303253915765,98.38253314257915
2.2183217080359823,70.75377595954807,1.5294077675977946,63.82774536621959,14.628692307589802,71.11916155816428,5.446995754549603,97.62532477199305,20.062463855080807,98.38253314257915
2.273664695921175,71.67078097215015,1.543173964884209,59.5401499363555,14.960099963408078,69.48964633733686,5.595408845136955,97.62532477199305,20.60910137780012,98.38253314257915
2.3356147358489947,71.67078097215015,1.5397208423922535,57.063003270830905,15.333326546386065,67.89746732515884,5.747865714432836,97.62532477199305,21.170633012399364,98.38253314257915
2.3992527148357023,72.22667889520756,1.5501034601261228,62.365294455570265,15.230623680277533,66.85633372530106,5.9044765423828185,97.62532477199305,21.747464575456203,98.38253314257915
2.4646246237841254,72.78688851260769,1.5852204851612095,58.77835251762869,15.5756678704484,65.32449039324774,6.065354510981129,97.62532477199305,22.340012940742987,98.38253314257915
2.5317777067010656,72.78688851260769,1.57107920333701,57.28387384324109,15.96425172423992,63.82774536621959,6.230615886066794,97.62532477199305,22.94870634049969,98.38253314257915
2.606593204454754,72.9745889788003,1.6247687787147667,60.46735080402514,15.96425172423992,61.88529539997178,6.400380101348488,97.62532477199305,23.573984674915565,98.38253314257915
2.6716228417761525,73.92037686048728,1.613886051484451,59.0818948124259,16.39922616594569,60.93635189859675,6.5747698447187695,98.38253314257915,24.2162998300432,98.38253314257915
2.7444159594319877,73.92037686048728,1.669038494867471,61.88529539997178,16.39922616594569,59.0818948124259,6.753911146920119,98.38253314257915,24.876116004374673,98.38253314257915
2.8191924550913336,74.49372325648,1.6578592483712975,60.00195941072142,16.846052260219054,58.175938401152116,6.937933472626828,98.38253314257915,25.553910044315877,97.62532477199305
2.896006369416708,74.78206194097814,1.7145144182011083,62.849016513408394,16.846052260219054,56.405488122274534,7.1269698140085795,98.38253314257915,26.250171788801428,97.62532477199305
2.9749132155046265,75.07151668188132,1.7612294139763973,64.82171566942199,17.074010248454748,54.478052260050845,7.321156786843341,98.38253314257915,26.965404423299248,97.62532477199305
3.055970019004689,75.07151668188132,1.80921724292656,65.32449039324774,17.189143405526558,55.97135915253878,7.520634729249013,98.38253314257915,27.700124843460586,98.00319765158511
3.139235359331777,76.24058285788392,1.8336992709179363,63.336490450096456,17.539222035626928,53.850322512725384,7.725547803105212,98.38253314257915,28.45486402867837,98.38253314257915
3.224769412001155,76.24058285788392,1.8336992709179363,61.40899069225361,17.539222035626928,52.21151235975647,7.936044098238452,98.38253314257915,29.230167425823797,98.38253314257915
3.3126339921170667,76.83192539787734,1.8336992709179363,59.5401499363555,17.776559882423367,50.42738913534651,8.15227573944605,98.38253314257915,30.026595343438537,98.38253314257915
3.4028925990462477,77.42785455022992,1.8336992709179363,57.72818303120029,17.896430459479202,51.80966263158908,8.374398996436092,98.38253314257915,30.844723356667362,98.38253314257915
3.4956104623086626,77.42785455022992,1.8336992709179363,55.97135915253878,18.260913884344166,49.8463336290096,8.602574396762886,98.38253314257915,31.685142723223933,98.38253314257915
3.5908545887185994,78.63361526795589,1.8336992709179363,54.26800014975891,18.260913884344166,48.32937562712961,8.836966841839573,98.38253314257915,32.54846081069027,98.38253314257915
3.566802987330946,76.83192539787734,1.846064238673543,65.32449039324774,18.50801754567201,46.67790916732916,9.077745726111681,98.38253314257915,33.4353015354588,98.38253314257915
3.688693810810222,78.63361526795589,1.846064238673543,53.02458655614427,18.632820474812,47.95740504860194,9.325085059477797,98.38253314257915,34.34630581363412,98.38253314257915
3.7891988365825524,79.55024226553375,1.883661670058306,54.6889174072875,19.012301413032077,46.14005748372971,9.57916359304579,98.38253314257915,35.28213202422041,98.38253314257915
3.8924423005998507,79.85815293509957,1.9349853836559867,55.97135915253878,19.012301413032077,44.73589143356282,9.840164948315493,98.38253314257915,36.24345648492922,98.38253314257915
3.998498816484309,81.10175995945318,1.9220248206510568,54.6889174072875,19.269572725912898,43.20721817236035,10.040572344065104,98.38253314257915,37.23097394095142,98.38253314257915
3.9717168075482685,79.24351881326446,1.9921653225744669,56.98956915689924,19.399510960169234,44.3915783692709,13.049313209334361,95.38848804376363,38.24539806704672,98.38253314257915
4.10744503083901,81.10175995945318,2.0418661305831263,58.175938401152116,19.5303253915765,41.89230631077076,13.404864964964437,95.020696752043,39.287461983313406,98.38253314257915
4.219359678640106,82.36473330238766,2.097500406184014,59.5401499363555,19.662021928491434,43.04062324136642,13.770104360771713,94.28936300141372,40.3579187850112,98.38253314257915
4.344044201188743,82.57713280392716,2.083451314962534,58.175938401152116,19.79460651911198,40.61741075379148,14.145295353748995,92.84353846925795,41.4575420868201,98.38253314257915
4.45241999931046,83.6473745497642,2.1546505366077424,60.46735080402514,19.92808515174578,41.73078131161021,14.53070909286699,92.12896137677888,42.587126581928445,98.38253314257915
4.573734103904478,83.97114375990775,2.140218652899893,59.0818948124259,20.062463855080807,39.381313697643066,14.926624115032535,90.3664877415587,43.74748861635442,98.38253314257915
4.69835362711932,84.9499899839499,2.213357824015954,61.40899069225361,20.197748698457495,40.46080139480225,15.128608719606532,88.63773111853996,44.939466778915886,98.38253314257915
4.826368630966286,85.60888503651219,2.1985327179593837,60.00195941072142,20.333945792143023,38.182834399590575,15.540814580881198,86.94204648422324,46.163922507275096,98.38253314257915
4.957871631356413,86.60682230532024,2.273664695921175,62.365294455570265,20.47106128760713,39.22947038267337,15.96425172423992,85.60888503651219,47.42174071049605,98.38253314257915
5.092957664961337,86.94204648422324,2.258435653473374,60.93635189859675,20.7480722974324,38.035612085101846,16.39922616594569,83.00357640629866,48.71383040856462,98.38253314257915
5.231724357895901,87.95552433031415,2.3356147358489947,63.336490450096456,20.88798032325625,36.87808610659499,16.846052260219054,81.73080710120647,50.04112538933353,98.00319765158511
5.374271996272142,88.29596885464582,2.3199707510443037,61.88529539997178,21.21811226124195,35.75578675696216,17.074010248454748,79.55024226553375,51.404584883366915,97.62532477199305
5.520703598675651,89.67097545139222,2.3992527148357023,63.82774536621959,21.45711051090381,34.268180023809926,17.539222035626928,78.02840588994513,52.80519425717232,97.62532477199305
5.67112499061667,89.67097545139222,2.4701520223152733,64.48868416477143,21.601799710383602,35.20751076893824,18.017109345642012,75.65379162905182,54.243965725320905,97.62532477199305
5.825644881009753,90.7162642470021,2.5317777067010656,65.32449039324774,21.747464575456203,33.22530713602888,18.30186752394011,73.16277348086436,55.721939081970774,96.1283469049042
5.9843749407372435,91.0673946127848,2.600760494840348,66.08597377784633,21.894111685212145,34.136051520105255,18.632820474812,72.78688851260769,57.24018245232186,96.1283469049042
6.1062542998091285,91.0673946127848,2.6776144739415173,66.51284905838008,22.041747663106058,32.214171675193555,18.758464972806344,70.84494599156926,58.79979306454557,95.020696752043
0.23835207381108858,12.067926406393289,2.7444159594319877,67.37488949596538,22.19037917725563,33.09719965807231,19.269572725912898,68.95481418578571,60.401898042747,94.28936300141372
0.24577207965748665,13.257113655901096,2.8191924550913336,68.42409840905313,22.340012940742987,31.354702737388166,19.5303253915765,66.59855442881766,62.047655221532885,92.84353846925795
0.2560259720349695,14.563484775012444,2.902501225143635,68.60054825369737,22.490655711917686,32.089962852356415,19.838999761775604,64.65498549086504,63.73825398277381,91.0673946127848
0.263996174177347,15.264179671752334,2.9749132155046265,69.48964633733686,22.64231429470216,30.518164293109038,20.333945792143023,62.849016513408394,65.4749161151656,89.67097545139222
0.27221449224986,16.768329368110084,3.055970019004689,70.29968267698482,23.000173263492393,29.70394456046365,20.333945792143023,61.40899069225361,67.25889669721084,88.29596885464582
0.2806886502115361,18.420699693267164,3.139235359331777,70.57178772339161,23.259244432699816,28.468122559687146,20.88798032325625,60.00195941072142,69.091485004259,86.94204648422324
0.29540252363321023,21.713743029375188,3.224769412001155,71.67078097215015,23.41608574904397,29.248466971261255,20.88798032325625,58.6271666826143,70.97400544026027,84.29616616540861
0.2894266124716752,20.47502731435766,3.3200632160587413,71.85560325643465,23.573984674915565,27.60176102070557,21.31339044199306,58.6271666826143,72.90781849490686,83.00357640629866
0.29843659137517364,22.492659888140903,3.410524245412234,72.9745889788003,23.73294834196799,28.35835745297653,21.45711051090381,57.063003270830905,74.8943217268532,80.47755432508957
0.2864841450466196,19.535130938771196,3.4956104623086626,73.92037686048728,23.892983929944766,26.761765193570742,21.796237480908232,55.39771366184975,75.90777928043369,78.63361526795589
0.2806886502115361,17.78279410038923,3.5908545887185994,75.07151668188132,24.05409866700363,27.49533636142267,22.340012940742987,53.850322512725384,77.9760217814898,77.42785455022992
0.2694470125449601,15.99858719606059,3.566802987330946,73.35144326701578,24.2162998300432,25.947332698756433,22.19037917725563,53.02458655614427,77.9760217814898,75.36209179904667
0.253423073579131,13.894954943731374,3.6969664218013523,75.26510867306163,24.379594745031454,26.658579322915656,22.64231429470216,51.80966263158908,80.100617229289,74.20649632518602
0.2432734278154723,12.798022139979539,3.7891988365825524,76.24058285788392,24.599035444976437,25.190102601368547,22.94870634049969,50.42738913534651,82.28310106012802,72.22667889520756
,,3.8924423005998507,77.42785455022992,25.04386017985489,25.060684586356118,23.259244432699816,49.27197340290103,84.52505054599739,70.02862679142079
,,3.8663706599011176,75.65379162905182,25.21273548482506,24.298020549743022,23.573984674915565,47.95740504860194,85.86095848507279,67.72282589930673
,,4.007466225261999,77.62752298904296,25.611219641680513,23.55856643106887,23.892983929944766,46.67790916732916,87.41358351299169,67.37488949596538
,,4.191098340121799,78.02840588994513,25.89970132142203,22.57842069173764,24.270609577182263,45.31569139662421,88.00302920819503,65.57733824138991
,,4.422597619041909,79.24351881326446,26.074347718897492,23.19732151219133,24.70949538206098,44.3915783692709,90.40082831331242,63.82774536621959
,,4.5839915893340315,81.31090254631886,26.250171788801428,21.8912986218767,24.876116004374673,43.20721817236035,92.24195543577798,62.365294455570265
,,4.69835362711932,82.36473330238766,26.427181472393197,22.491364625732942,25.26927993209715,41.946286792462345,92.86395972119522,60.701398393858874
,,4.794041536790271,81.73080710120647,26.605384764481627,21.225087524724426,25.726224708306248,41.09088529952824,94.33166308539506,58.929928225768506
,,4.957871631356413,83.6473745497642,26.78478971378589,21.806891906111485,25.89970132142203,39.99458706476519,96.68506208447316,57.063003270830905
,,5.092957664961337,84.9499899839499,26.965404423299248,20.579151023137968,26.309042888111076,38.827411023603474,98.21315749754076,55.39771366184975
,,5.243457514033408,85.16905626152936,27.147237050654795,21.143249532345084,26.965404423299248,37.742868211456475,99.98914752947283,54.26800014975891
,,5.374271996272142,86.2728906569553,27.33029580849416,19.952872106642534,26.78478971378589,37.16412249680754,100.66339254048465,52.82013860249299
,,5.520703598675651,86.60682230532024,27.51458896483818,20.499803580982874,27.33029580849416,36.31260088223232,,
,,5.67112499061667,87.61639246471029,27.700124843460586,19.271061124538498,27.700124843460586,35.20751076893824,,
,,5.838710019062639,87.84233477448349,27.886911824263706,19.87593942056964,28.074958343657194,34.004432466901875,,
,,,,28.13792188058417,18.68459090197084,28.45486402867837,33.09719965807231,,
,,,,28.45486402867837,17.907225173147797,28.83991053448883,32.089962852356415,,
,,,,28.646740353103485,18.39808308137012,29.230167425823797,31.11337897176016,,
,,,,28.83991053448883,17.362260146832117,29.625705208756965,30.1665151653263,,
,,,,29.034383297547187,17.83817992866774,30.026595343438537,29.589414470269965,,
,,,,29.230167425823797,16.83387987203631,30.432910257005624,28.799973634060912,,
,,,,29.42727176209282,17.295316134849624,30.844723356667362,27.92351297432052,,
,,,,29.625705208756965,16.32157963016435,31.26210904296708,27.073725369834733,,
,,,,29.825476728249352,16.7689731463949,31.685142723223933,26.249799087790787,,
,,,,30.026595343438537,15.82487006256458,32.11390082515642,25.255062020548795,,
,,,,30.229070138035787,16.258648190761047,32.54846081069027,24.392069537697353,,
,,,,30.432910257005624,15.343276703085326,32.98890118995316,23.649753255360213,,
,,,,30.638124906978597,15.763853796126318,33.4353015354588,23.107879137976173,,
,,,,30.844723356667362,14.876339524856064,33.88774249648298,22.491364625732942,,
,,,,31.052714937285078,15.28411732574761,34.34630581363412,21.8912986218767,,
,,,,31.26210904296708,14.367999091090706,34.811074333621015,21.225087524724426,,
,,,,31.472915131194956,14.81898052648918,35.28213202422041,20.738768473329998,,
,,,,31.756202798521993,13.930742233756874,35.759563989447074,20.185461453957206,,
,,,,32.11390082515642,13.351158680314022,36.24345648492922,19.571163569941923,,
,,,,32.3304507003227,13.71712949705399,36.73389693349191,18.97556042278793,,
,,,,32.54846081069027,12.944847011632238,37.23097394095142,18.39808308137012,,
,,,,32.76794100289066,13.299680352082767,37.734777312123235,17.83817992866774,,
,,,,32.98890118995316,12.550900499867538,38.24539806704672,17.362260146832117,,
,,,,33.211351351752285,12.894935307388113,38.76292845742935,16.83387987203631,,
,,,,33.4353015354588,12.168942840036895,39.287461983313406,16.32157963016435,,
,,,,33.66076185599322,12.50250774302893,39.81909340996826,15.947612026320371,,
,,,,33.88774249648298,11.798609179130068,40.3579187850112,15.522132293146015,,
,,,,34.116253708722006,12.122022804948818,40.90403545575998,15.049752058250984,,
,,,,34.34630581363412,11.439545767595227,41.4575420868201,14.591747624444698,,
,,,,34.57790920173884,11.753117046908532,42.01853867791017,14.147681497434053,,
,,,,34.811074333621015,11.091409621430874,42.587126581928445,13.71712949705399,,
,,,,35.04581174040296,11.395438083315431,43.16340852326377,13.351158680314022,,
,,,,35.28213202422041,10.753868194561182,43.74748861635442,12.944847011632238,,
,,,,35.52004585870109,11.048644252618264,44.43891224733339,12.567073007764812,,
,,,,35.759563989447074,10.426599061181864,45.54758019807569,12.216044485878232,,
,,,,36.000697234519855,10.712404290945726,45.54758019807569,11.936144807761757,,
,,,,36.24345648492922,10.109289607773054,46.47521423451076,11.753117046908532,,
,,,,36.48785270512486,10.386397015677108,46.788605058490816,11.439545767595227,,
,,,,36.73389693349191,9.801636734485125,47.42174071049605,11.17743758831919,,
,,,,36.98160028284919,10.070311018642727,48.06344384925022,10.879225344705418,,
,,,,37.23097394095142,9.503346565612107,48.71383040856462,10.58896935596119,,
,,,,37.482029170994245,9.763844368661076,49.37301789104764,10.346349977999287,,
,,,,37.734777312123235,9.214134168876184,50.04112538933353,10.070311018642727,,
,,,,37.989229779945724,9.46670432312859,50.718273607598306,9.87766087471851,,
,,,,38.24539806704672,8.93372328325514,51.404584883366915,9.614126465527617,,
,,,,38.503293743507676,9.178607048386517,52.10018320961542,9.35762311214117,,
,,,,38.76292845742935,8.661846055092699,53.16126928794422,9.178607048386517,,
,,,,39.02431393545761,8.899277348597746,53.519745397422874,8.93372328325514,,
,,,,39.55238448632562,8.628448402874684,54.365618334639265,8.673007307923317,,
,,,,39.81909340996826,8.365861510406992,55.721939081970774,8.430749390448762,,
,,,,40.448429242003215,8.111265843345814,55.721939081970774,8.237580149505416,,
,,,,40.90403545575998,7.7737995259363775,57.24018245232186,8.048836891819128,,
,,,,41.179858807770934,7.986888429289356,58.14485643569404,7.783816483223734,,
,,,,41.4575420868201,7.508160481034463,59.19629076556475,7.7438259323942535,,
,,,,41.73709783473376,7.7438259323942535,59.595462122709506,7.5372218975064085,,
,,,,42.112773396953386,7.2796669632188244,61.21924652004913,7.336130025159996,,
,,,,42.587126581928445,6.9767990201024075,61.21924652004913,7.168041210893105,,
,,,,42.87429932357758,7.168041210893105,62.46605384790156,7.168041210893105,,
,,,,43.45446723887589,6.949898437272106,62.88727381231949,6.9767990201024075,,
,,,,43.74748861635442,6.738394334981668,64.60074947590961,6.790659140314452,,
,,,,44.43891224733339,6.53332687139746,65.62175630805726,6.567066180960613,,
,,,,45.54758019807569,6.383632255398981,67.25889669721084,6.383632255398981,,
,,,,45.54758019807569,6.189361156084848,69.091485004259,6.189361156084848,,
,,,,46.163922507275096,5.977864065045914,70.97400544026027,6.001002248845502,,
,,,,46.47521423451076,6.141724284718915,72.90781849490686,5.818375609774337,,
,,,,46.788605058490816,5.795941583141552,74.8943217268532,5.641306790533159,,
,,,,47.104109133806546,5.954815095602085,76.93495077372583,5.469626651715909,,
,,,,48.06344384925022,5.729157166398254,79.03118038965265,5.303171201283588,,
,,,,48.06344384925022,5.554803504356035,81.18452551106165,5.181662482651156,,
,,,,48.71383040856462,5.364989927019513,83.39654235151917,5.062937828146267,,
,,,,49.042316628637394,5.512050552423363,85.66882952639901,4.985303199130865,,
,,,,49.70594913222888,5.344304028586766,85.66882952639901,4.871077619618377,,
,,,,50.04112538933353,5.181662482651156,88.00302920819503,4.833587014024757,,
,,,,50.718273607598306,5.08253465817767,90.40082831331242,4.686487960495958,,
,,,,51.404584883366915,4.946933448000135,92.86395972119522,4.614625779574912,,
,,,,52.10018320961542,4.852296108698852,95.39420352667099,4.508893333051478,,
,,,,52.80519425717232,4.7228376261244875,97.99338832641806,4.4055834773906275,,
,,,,53.63977380225265,4.579108974347379,100.66339254048465,4.338028660311463,,
,,,,54.97798608271171,4.474190305341079,103.4061457698154,4.271509722664391,,
,,,,54.97798608271171,4.338028660311463,103.4061457698154,4.173638910403739,,
,,,,56.4759591299623,4.271509722664391,,,,
,,,,56.4759591299623,4.141516192906909,,,,
,,,,58.01474711806782,4.078010559594534,,,,
,,,,58.01474711806782,3.984573289919757,,,,
,,,,59.595462122709506,3.9539057298156837,,,,
,,,,59.595462122709506,3.8335777438064502,,,,
,,,,61.21924652004913,3.7747940107162328,,,,
,,,,61.21924652004913,3.688304179267365,,,,
,,,,62.88727381231949,3.6599168760683174,,,,
,,,,62.88727381231949,3.5485357616078463,,,,
,,,,64.60074947590961,3.4941228363949803,,,,
,,,,64.60074947590961,3.414063873091684,,,,
,,,,65.91642538519974,3.414063873091684,,,,
,,,,66.36091183255749,3.310164726772087,,,,
,,,,67.40973781241482,3.226001588797317,,,,
,,,,69.091485004259,3.184725917073592,,,,
,,,,69.091485004259,3.1117559995107866,,,,
,,,,70.97400544026027,3.0878061415961064,,,,
,,,,70.97400544026027,3.0170568948888015,,,,
,,,,72.90781849490686,2.993835895567372,,,,
,,,,72.90781849490686,2.9252397387285884,,,,
,,,,74.8943217268532,2.9027254168730394,,,,
,,,,74.8943217268532,2.836216825587006,,,,
,,,,76.93495077372583,2.8143876751013286,,,,
,,,,76.93495077372583,2.7499031191334393,,,,
,,,,79.03118038965265,2.7287382884099713,,,,
,,,,79.03118038965265,2.666216170921535,,,,
,,,,81.18452551106165,2.6456954429231216,,,,
,,,,80.64075026252547,2.6051265891921482,,,,
,,,,83.39654235151917,2.5850760416329206,,,,
,,,,84.71461435856524,2.51934876534133,,,,
,,,,86.82808593446923,2.4871144933692046,,,,
,,,,86.82808593446923,2.4301285723587167,,,,
,,,,89.19387161964356,2.4301285723587167,,,,
,,,,90.60356969664988,2.368340938445009,,,,
,,,,92.86395972119522,2.338038763937538,,,,
,,,,92.86395972119522,2.2844685351939824,,,,
,,,,95.39420352667099,2.2844685351939824,,,,
,,,,96.68506208447316,2.240765496501263,,,,
,,,,99.31941862231358,2.2149460132308265,,,,
,,,,100.66339254048465,2.172572975551719,,,,
,,,,103.4061457698154,2.164196142692507,,,,
,,,,103.4061457698154,2.1146090767301318,,,,
,,,,5.379838403443687,100,,,,
,,,,6.2072524458536655,98.83208538169627,,,,
,,,,7.089110011914435,96.53701757533628,,,,
,,,,8.434037020038803,95.40954763499944,,,,
,,,,9.05942411873363,96.53701757533628,,,,
,,,,7.692981260934532,95.40954763499944,,,,
