Energy(KeV),Counts
0.08341407151095726, 59.05061532907196
0.08341407151095726, 55.46179140942776
0.11700115340253747, 61.20469426118704
0.11700115340253747, 56.97234849114006
0.11700115340253747, 53.99128503226849
0.1533871587850828, 63.437350800325056
0.1505882352941177, 58.52404709820014
0.1841753171856979, 68.14996684009557
0.1841753171856979, 63.437350800325056
0.1841753171856979, 59.05061532907196
0.1841753171856979, 55.46179140942776
0.20936562860438301, 70.63597662977386
0.20936562860438301, 65.75145134113515
0.2177623990772779, 61.20469426118704
0.2177623990772779, 56.97234849114006
0.2177623990772779, 53.99128503226849
0.25414840445982323, 61.20469426118704
0.2513494809688581, 55.96080709326169
0.2513494809688581, 53.03267227746381
0.28493656286043834, 63.437350800325056
0.28493656286043834, 59.05061532907196
0.28493656286043834, 55.96080709326169
0.31012687427912344, 61.20469426118704
0.31852364475201855, 56.97234849114006
0.31852364475201855, 53.03267227746381
0.31852364475201855, 49.36542732350683
0.31852364475201855, 46.782394055208854
0.35490965013456366, 59.05061532907196
0.35211072664359855, 53.99128503226849
0.35211072664359855, 50.70994386255611
0.36890426758938877, 70.63597662977386
0.36890426758938877, 65.75145134113515
0.38569780853517877, 61.20469426118704
0.3940945790080739, 70.63597662977386
0.402491349480969, 64.58403738044018
0.4052902729719339, 57.65684720491405
0.4388773548635141, 68.14996684009557
0.4276816608996541, 63.437350800325056
0.4276816608996541, 59.05061532907196
0.4276816608996541, 54.96722556585956
0.469665513264129, 75.88336215660804
0.469665513264129, 70.63597662977386
0.469665513264129, 65.75145134113515
0.4780622837370241, 81.52056398075995
0.4864590542099192, 61.20469426118704
0.4864590542099192, 56.97234849114006
0.4864590542099192, 53.50983204006006
0.4780622837370241, 50.25775136162261
0.5200461361014996, 68.14996684009557
0.5200461361014996, 63.437350800325056
0.5200461361014996, 59.05061532907196
0.5200461361014996, 54.96722556585956
0.5564321414840445, 63.437350800325056
0.5452364475201845, 59.05061532907196
0.5872202998846596, 68.14996684009557
0.5872202998846596, 63.437350800325056
0.5872202998846596, 59.05061532907196
0.6040138408304498, 55.46179140942776
0.6208073817762401, 68.14996684009557
0.6208073817762401, 63.437350800325056
0.6208073817762401, 59.05061532907196
0.6403998462129947, 55.29644366837731
0.6543944636678201, 61.20469426118704
0.6739869281045752, 57.31357598212473
0.6627912341407152, 53.03267227746381
0.6879815455594, 63.437350800325056
0.7047750865051903, 59.05061532907196
0.7047750865051903, 55.46179140942776
0.7131718569780854, 63.437350800325056
0.7383621683967707, 59.05061532907196
0.7383621683967707, 54.96722556585956
0.7383621683967707, 51.16620495096837
0.7299653979238756, 47.62802746789056
0.7719492502883507, 70.63597662977386
0.7719492502883507, 65.75145134113515
0.7719492502883507, 61.20469426118704
0.7635524798154556, 56.97234849114006
0.7635524798154556, 53.03267227746381
0.7635524798154556, 50.25775136162261
0.7971395617070356, 70.63597662977386
0.8055363321799307, 64.58403738044018
0.8055363321799307, 60.118007760992995
0.8223298731257209, 55.46179140942776
0.841922337562476, 63.81729947054137
0.830726643598616, 59.05061532907196
0.8559169550173009, 70.63597662977386
0.8727104959630911, 65.75145134113515
0.8895040369088814, 74.5360565905836
0.8895040369088814, 69.38183814974093
0.9062975778546711, 63.437350800325056
0.9062975778546711, 59.05061532907196
0.9062975778546711, 55.46179140942776
0.9230911188004614, 71.91278477911845
0.9230911188004614, 66.93996734826301
0.9398846597462516, 61.20469426118704
0.9398846597462516, 56.97234849114006
0.9398846597462516, 53.99128503226849
0.9762706651287965, 61.20469426118704
0.9734717416378316, 56.4643126546562
0.9650749711649365, 53.03267227746381
1.0070588235294116, 63.437350800325056
1.0070588235294116, 59.05061532907196
1.0070588235294116, 55.96080709326169
1.040645905420992, 59.05061532907196
1.040645905420992, 54.96722556585956
1.040645905420992, 51.16620495096837
1.032249134948097, 47.62802746789056
1.0770319108035369, 68.14996684009557
1.074232987312572, 62.31102358711142
1.074232987312572, 58.00217440013905
1.074232987312572, 54.47706988228465
1.0658362168396769, 51.16620495096837
1.0994232987312573, 70.63597662977386
1.1078200692041524, 64.58403738044018
1.1078200692041524, 60.118007760992995
1.1246136101499422, 55.46179140942776
1.1414071510957324, 63.437350800325056
1.1414071510957324, 59.58192134065977
1.1609996155324875, 68.14996684009557
1.1749942329873124, 75.88336215660804
1.1917877739331026, 80.07317015851396
1.1945866974240675, 71.0590404092559
1.216978085351788, 78.65147474626879
1.216978085351788, 73.21267237222551
1.2253748558246826, 66.93996734826301
1.2253748558246826, 62.31102358711142
1.250565167243368, 73.21267237222551
1.258961937716263, 68.14996684009557
1.258961937716263, 63.437350800325056
1.258961937716263, 59.05061532907196
1.292549019607843, 63.437350800325056
1.292549019607843, 59.05061532907196
1.292549019607843, 54.96722556585956
1.328935024990388, 63.81729947054137
1.3177393310265284, 59.05061532907196
1.3625221068819684, 65.75145134113515
1.3597231833910035, 60.6589176016458
1.3513264129181084, 58.00217440013905
1.3765167243367937, 73.21267237222551
1.3961091887735484, 84.49431333843415
1.3849134948096884, 78.65147474626879
1.3849134948096884, 69.38183814974093
1.4101038062283737, 101.07156901012134
1.4017070357554786, 94.08240203958586
1.426897347174164, 135.83182216066842
1.4185005767012688, 125.31147434871426
1.4185005767012688, 116.64610162199392
1.4185005767012688, 108.57994524703427
1.4464898116109186, 167.90617438436504
1.435294117647059, 155.364814826175
1.435294117647059, 144.62123339371774
1.4632833525567088, 247.53501533938595
1.460484429065744, 226.32674518593848
1.460484429065744, 212.57164996377867
1.4520876585928488, 199.65252595843305
1.4520876585928488, 185.8464195164432
1.4856747404844293, 247.53501533938595
1.4856747404844293, 230.41780255437635
1.4856747404844293, 214.4842565452598
1.4856747404844293, 199.65252595843305
1.4856747404844293, 185.8464195164432
1.4856747404844293, 172.99501461991395
1.494071510957324, 162.4811758904217
1.502468281430219, 149.89680165416456
1.5108650519031142, 137.05396461044165
1.5192618223760093, 125.31147434871426
1.5192618223760093, 116.64610162199392
1.5276585928489044, 106.65211336884147
1.5276585928489044, 99.27704800282694
1.5276585928489044, 92.41197336681196
1.5276585928489044, 86.02162325883404
1.5192618223760093, 82.9941207346412
1.5444521337946941, 78.65147474626879
1.5444521337946941, 73.87140103642305
1.5612456747404844, 70.00609900627126
1.5696424452133795, 75.88336215660804
1.5780392156862746, 64.58403738044018
1.5696424452133795, 62.31102358711142
1.5976316801230293, 59.05061532907196
1.6144252210688195, 65.75145134113515
1.6144252210688195, 53.03267227746381
1.6116262975778546, 48.92522419290259
1.6032295271049595, 46.782394055208854
1.6284198385236448, 59.05061532907196
1.63681660899654, 68.14996684009557
1.645213379469435, 62.31102358711142
1.6480123029604, 54.96722556585956
1.645213379469435, 50.70994386255611
1.63681660899654, 48.488946457188966
1.678800461361015, 64.00812632318087
1.67040369088812, 59.05061532907196
1.67040369088812, 55.96080709326169
1.6983929257977701, 78.65147474626879
1.6871972318339101, 73.21267237222551
1.6871972318339101, 68.14996684009557
1.71518646674356, 88.10106745841674
1.7291810841983852, 99.27704800282694
1.7459746251441755, 109.55688981105175
1.7655670895809301, 126.06200896973749
1.7543713956170706, 116.64610162199392
1.7823606305267203, 149.89680165416456
1.7795617070357554, 137.05396461044165
1.7963552479815457, 129.8826512169416
1.8159477124183003, 172.99501461991395
1.8131487889273359, 159.5963301689107
1.8047520184544408, 149.89680165416456
1.8047520184544408, 139.53133700994545
1.8467358708189159, 179.30561636855037
1.8467358708189159, 166.90651240857244
1.8467358708189159, 156.76270474902083
1.8803229527104959, 169.92349618072217
1.8803229527104959, 158.17317214147346
1.8719261822376008, 149.89680165416456
1.9139100346020763, 161.0322930149122
1.930703575547866, 153.97939021667955
1.9474971164936563, 166.90651240857244
1.9558938869665514, 179.30561636855037
1.9642906574394465, 155.364814826175
1.9558938869665514, 147.23539091196366
1.9810841983852363, 166.90651240857244
2.0006766628219914, 156.29534950404033
2.0146712802768167, 172.99501461991395
2.0342637447135714, 161.0322930149122
2.023068050749712, 152.60631976440297
2.0398615916955016, 179.30561636855037
2.065051903114187, 166.90651240857244
2.065051903114187, 158.17317214147346
2.098638985005767, 166.90651240857244
2.098638985005767, 155.364814826175
2.1322260668973474, 166.90651240857244
2.1322260668973474, 155.364814826175
2.1238292964244523, 147.23539091196366
2.1686120722798923, 166.90651240857244
2.1574163783160323, 158.17317214147346
2.1826066897347176, 185.8464195164432
2.2021991541714723, 172.99501461991395
2.1910034602076123, 161.0322930149122
2.232987312572088, 176.12205348879525
2.232987312572088, 163.94309504298838
2.266574394463668, 179.30561636855037
2.266574394463668, 166.90651240857244
2.266574394463668, 155.364814826175
2.300161476355248, 166.90651240857244
2.300161476355248, 156.76270474902083
2.316955017301038, 179.30561636855037
2.3337485582468283, 189.20575896762475
2.336547481737793, 166.90651240857244
2.3673356401384082, 176.12205348879525
2.3673356401384082, 163.94309504298838
2.358938869665513, 158.17317214147346
2.403721645520953, 172.99501461991395
2.4009227220299887, 159.5963301689107
2.3925259515570936, 149.89680165416456
2.4345098039215687, 176.12205348879525
2.4345098039215687, 163.94309504298838
2.4261130334486736, 158.17317214147346
2.470895809304114, 172.99501461991395
2.4597001153402536, 163.94309504298838
2.493287197231834, 185.8464195164432
2.5016839677047287, 169.92349618072217
2.5016839677047287, 158.17317214147346
2.5016839677047287, 149.89680165416456
2.538069973087274, 167.90617438436504
2.5268742791234144, 155.364814826175
2.5688581314878896, 176.12205348879525
2.5688581314878896, 163.94309504298838
2.560461361014994, 158.17317214147346
2.602445213379469, 179.30561636855037
2.602445213379469, 166.90651240857244
2.602445213379469, 158.17317214147346
2.6388312187620144, 166.90651240857244
2.627635524798155, 155.364814826175
2.66961937716263, 172.99501461991395
2.66961937716263, 161.0322930149122
2.66961937716263, 149.89680165416456
2.6612226066897344, 142.0534901206331
2.7032064590542095, 172.99501461991395
2.7032064590542095, 161.0322930149122
2.7032064590542095, 152.60631976440297
2.73679354094579, 172.99501461991395
2.73679354094579, 161.0322930149122
2.73679354094579, 152.60631976440297
2.7703806228373704, 169.92349618072217
2.7703806228373704, 159.5963301689107
2.803967704728951, 179.30561636855037
2.7955709342560553, 166.90651240857244
2.7955709342560553, 158.17317214147346
2.823560169165706, 192.6258214694712
2.8543483275663206, 224.3085363468371
2.845951557093426, 206.93555421332897
2.871141868512111, 296.0998367438752
2.8627450980392153, 275.62433389753073
2.8627450980392153, 256.5647258433651
2.8627450980392153, 238.82310250427045
2.890734332948866, 564.3176894192038
2.887935409457901, 515.9681579674107
2.887935409457901, 480.288612840801
2.887935409457901, 451.0988871708774
2.8795386389850055, 423.6831783356352
2.8795386389850055, 394.3852016148189
2.8795386389850055, 367.1131996879649
2.8795386389850055, 341.7270750355438
2.8795386389850055, 318.0964179757237
2.9047289504036913, 779.0519378910562
2.9047289504036913, 725.179972451452
2.9047289504036913, 675.0332896524153
2.8963321799307957, 628.354283693994
2.9243214148404464, 1043.859959495843
2.913125720876586, 965.8912777101058
2.913125720876586, 899.0992462672798
2.913125720876586, 836.9259287182533
2.9411149557862366, 1162.3131605194214
2.9635063437139566, 1197.540131768369
2.9719031141868513, 1094.9374571555827
2.9719031141868513, 1019.2217956169004
2.9635063437139566, 983.3506222764736
2.980299884659746, 931.8970542743947
2.980299884659746, 867.4557462442256
2.980299884659746, 807.4705980029411
2.9886966551326415, 751.6334631042482
2.9886966551326415, 705.9526495147327
2.997093425605536, 651.2757167199954
2.997093425605536, 606.2395629074888
2.997093425605536, 564.3176894192038
2.997093425605536, 525.2947416762769
2.997093425605536, 488.9702570138082
3.0054901960784317, 447.0763322551986
3.0138869665513264, 408.7717892769841
3.0138869665513264, 380.504945137904
3.022283737024222, 347.9040960816882
3.0306805074971166, 318.0964179757237
3.0306805074971166, 296.0998367438752
3.0306805074971166, 275.62433389753073
3.0306805074971166, 256.5647258433651
3.0306805074971166, 238.82310250427045
3.0390772779700113, 222.3083243508166
3.0390772779700113, 208.79745020462553
3.047474048442907, 192.6258214694712
3.0558708189158015, 180.91891288302656
3.0754632833525575, 168.91182368834103
3.109050365244137, 166.90651240857244
3.1230449826989624, 199.65252595843305
3.1230449826989624, 185.8464195164432
3.114648212226067, 152.60631976440297
3.1398385236447517, 214.4842565452598
3.156632064590542, 249.76220367595772
3.1482352941176472, 230.41780255437635
3.173425605536332, 270.7306366674906
3.198615916955017, 275.62433389753073
3.2070126874279126, 258.8731587096836
3.2154094579008072, 238.82310250427045
3.223806228373703, 222.3083243508166
3.223806228373703, 208.79745020462553
3.240599769319492, 194.35896610079158
3.260192233756248, 180.3795409514981
3.2909803921568628, 185.8464195164432
3.307773933102653, 174.55153169818743
3.324567474048443, 161.0322930149122
3.3413610149942334, 172.99501461991395
3.3413610149942334, 151.24549330441792
3.349757785467128, 185.8464195164432
3.3581545559400228, 158.17317214147346
3.374948096885813, 145.9224582882786
3.391741637831603, 155.364814826175
3.391741637831603, 135.83182216066842
3.400138408304498, 166.90651240857244
3.4113341022683583, 144.62123339371774
3.4281276432141485, 130.66056422862133
3.416931949250288, 120.90117853553777
3.416931949250288, 114.57505551249204
3.4449211841599388, 155.364814826175
3.442122260668974, 142.0534901206331
3.458915801614763, 129.8826512169416
3.4673125720876588, 149.89680165416456
3.4757093425605534, 139.53133700994545
3.4757093425605534, 123.08657494944521
3.4925028835063436, 129.8826512169416
3.5120953479430987, 149.89680165416456
3.509296424452134, 137.05396461044165
3.509296424452134, 124.19404244748806
3.5428835063437143, 152.60631976440297
3.5428835063437143, 142.0534901206331
3.5428835063437143, 132.23039574380599
3.5344867358708187, 127.57659078496641
3.576470588235294, 155.364814826175
3.576470588235294, 147.23539091196366
3.59606305267205, 166.90651240857244
3.6268512110726645, 206.93555421332897
3.6268512110726645, 192.6258214694712
3.618454440599769, 179.30561636855037
3.618454440599769, 169.92349618072217
3.6436447520184547, 240.97190568539617
3.635247981545559, 222.3083243508166
3.660438292964245, 275.62433389753073
3.6520415224913494, 256.5647258433651
3.6772318339100343, 296.0998367438752
3.6940253748558245, 283.1312369181637
3.7108189158016147, 265.9238268041814
3.7108189158016147, 249.76220367595772
3.7192156862745103, 230.41780255437635
3.727612456747405, 214.4842565452598
3.744405997693195, 201.4488931373231
3.7611995386389854, 179.30561636855037
3.7611995386389854, 168.40824838408514
3.794786620530565, 169.92349618072217
3.794786620530565, 159.5963301689107
3.8311726259131103, 161.0322930149122
3.8283737024221454, 148.56013660468963
3.861960784313726, 199.65252595843305
3.861960784313726, 185.8464195164432
3.861960784313726, 172.99501461991395
3.861960784313726, 162.4811758904217
3.8535640138408302, 152.60631976440297
3.8955478662053054, 199.65252595843305
3.8955478662053054, 189.20575896762475
3.929134948096886, 214.4842565452598
3.920738177623991, 203.26142307211023
3.948727412533641, 249.0175898593436
3.9375317185697805, 230.41780255437635
3.9627220299884662, 298.7639854985572
3.9543252595155707, 275.62433389753073
3.9795155709342565, 341.7270750355438
3.971118800461361, 318.0964179757237
3.996309111880046, 525.2947416762769
3.996309111880046, 488.9702570138082
3.996309111880046, 455.15763489499227
3.996309111880046, 427.4952541015507
3.987912341407151, 394.3852016148189
3.987912341407151, 367.1131996879649
4.015901576316802, 699.6575036358522
4.013102652825836, 639.7123466581564
4.013102652825836, 600.8335820833149
4.004705882352941, 564.3176894192038
4.029896193771626, 1056.401496198445
4.021499423298732, 965.8912777101058
4.021499423298732, 899.0992462672798
4.021499423298732, 836.9259287182533
4.021499423298732, 779.0519378910562
4.049488658208381, 1548.1234815658552
4.038292964244522, 1432.4900136842696
4.038292964244522, 1333.4323658479982
4.038292964244522, 1241.224620978674
4.038292964244522, 1155.3931036793747
4.0662821991541716, 2451.8629055355304
4.063483275663207, 2241.7925411124634
4.063483275663207, 2086.771079225723
4.063483275663207, 1942.469455684759
4.055086505190311, 1840.830241791084
4.055086505190311, 1713.53559256089
4.083075740099962, 3636.2986271387476
4.080276816608997, 3324.7483459099194
4.080276816608997, 3094.8397618030567
4.071880046136101, 2932.9030684893123
4.071880046136101, 2730.0908488431037
4.097070357554787, 5019.9835045727805
4.0886735870818915, 4672.848269150849
4.0886735870818915, 4349.717668716596
4.0886735870818915, 4048.931766616825
4.113863898500576, 6279.921260701158
4.105467128027682, 5793.533352158529
4.105467128027682, 5392.906624541917
4.130657439446367, 6746.442281650308
4.147450980392157, 7182.991351155661
4.164244521337947, 6686.2826684586325
4.164244521337947, 6279.921260701158
4.172641291810842, 5793.533352158529
4.172641291810842, 5392.906624541917
4.172641291810842, 5019.9835045727805
4.181038062283737, 4714.892071112975
4.189434832756632, 4349.717668716596
4.189434832756632, 4048.931766616825
4.189434832756632, 3768.9454119342736
4.189434832756632, 3508.3203019767543
4.1978316032295275, 3207.734929652228
4.206228373702422, 2932.9030684893123
4.206228373702422, 2730.0908488431037
4.214625144175317, 2496.1825099103908
4.206228373702422, 2408.3301936751977
4.223021914648212, 2282.3149366706757
4.223021914648212, 2124.491323878629
4.223021914648212, 1977.5813200519863
4.223021914648212, 1840.830241791084
4.223021914648212, 1713.53559256089
4.223021914648212, 1595.0434539342086
4.223021914648212, 1511.5832160861087
4.239815455594003, 1432.4900136842696
4.239815455594003, 1333.4323658479982
4.239815455594003, 1241.224620978674
4.239815455594003, 1155.3931036793747
4.239815455594003, 1075.4968935254442
4.239815455594003, 1001.1255600361145
4.239815455594003, 931.8970542743947
4.239815455594003, 867.4557462442256
4.248212226066897, 807.4705980029411
4.248212226066897, 751.6334631042482
4.248212226066897, 699.6575036358522
4.248212226066897, 651.2757167199954
4.248212226066897, 611.6941838702027
4.256608996539793, 564.3176894192038
4.256608996539793, 525.2947416762769
4.256608996539793, 488.9702570138082
4.256608996539793, 455.15763489499227
4.2650057670126875, 416.16070320828845
4.273402537485582, 380.504945137904
4.273402537485582, 354.19277228129243
4.281799307958478, 323.84629386230665
4.315386389850057, 306.9011199579162
4.315386389850057, 288.24908603527706
4.3321799307958475, 329.7001038733959
4.348973471741638, 306.9011199579162
4.348973471741638, 285.67870111315267
4.368565936178393, 329.7001038733959
4.365767012687428, 275.62433389753073
4.374163783160323, 296.0998367438752
4.402153018069973, 394.3852016148189
4.390957324106113, 367.1131996879649
4.390957324106113, 341.7270750355438
4.390957324106113, 318.0964179757237
4.416147635524799, 447.0763322551986
4.432941176470588, 569.3951196739582
4.424544405997693, 525.2947416762769
4.424544405997693, 488.9702570138082
4.449734717416378, 657.1355490276878
4.4413379469434835, 606.2395629074888
4.469327181853134, 931.8970542743947
4.458131487889274, 867.4557462442256
4.458131487889274, 807.4705980029411
4.458131487889274, 751.6334631042482
4.458131487889274, 699.6575036358522
4.4861207227989235, 1043.859959495843
4.516908881199539, 1094.9374571555827
4.533702422145328, 1028.3922109315395
4.542099192618224, 965.8912777101058
4.550495963091119, 883.1357809637225
4.542099192618224, 852.0541098119488
4.558892733564014, 807.4705980029411
4.567289504036909, 751.6334631042482
4.567289504036909, 699.6575036358522
4.575686274509804, 651.2757167199954
4.575686274509804, 606.2395629074888
4.584083044982699, 569.3951196739582
4.600876585928489, 515.9681579674107
4.600876585928489, 480.288612840801
4.634463667820069, 506.8071673185489
4.626066897347174, 471.7611108563332
4.651257208765859, 590.1658097760653
4.642860438292964, 544.4567153473391
4.668050749711649, 731.7047559223663
4.659653979238755, 675.0332896524153
4.659653979238755, 628.354283693994
4.6848442906574395, 793.1339950879935
4.704436755094195, 1001.1255600361145
4.693241061130334, 931.8970542743947
4.693241061130334, 867.4557462442256
4.71843137254902, 1114.7294262770176
4.73522491349481, 1176.2778624221673
4.7520184544405994, 1056.401496198445
4.777208765859285, 1037.64513676293
4.777208765859285, 965.8912777101058
4.78560553633218, 899.0992462672798
4.78560553633218, 836.9259287182533
4.80239907727797, 765.2199069647424
4.794002306805075, 738.2882459226398
4.810795847750865, 699.6575036358522
4.8359861591695505, 617.1978826095358
4.872372164552096, 628.354283693994
4.861176470588235, 595.475807662119
4.9031603229527105, 699.6575036358522
4.894763552479816, 651.2757167199954
4.894763552479816, 617.1978826095358
4.939546328335256, 729.5233310993833
4.973133410226836, 783.7179547422775
4.961937716262976, 738.2882459226398
5.003921568627451, 793.1339950879935
5.003921568627451, 744.9309706623801
5.029111880046136, 779.0519378910562
5.037508650519031, 725.179972451452
5.054302191464822, 681.106879958216
5.071095732410611, 725.179972451452
5.104682814302191, 725.179972451452
5.1242752787389465, 683.1435296330199
5.155063437139562, 639.7123466581564
5.155063437139562, 606.2395629074888
5.180253748558247, 628.354283693994
5.188650519031142, 574.5182339440747
5.180253748558247, 554.2982550879797
5.205444059976932, 515.9681579674107
5.197047289504037, 497.80882963261155
5.222237600922722, 463.3850142730156
5.239031141868512, 423.6831783356352
5.2558246828143025, 405.12667505234174
5.275417147251058, 439.1385127679427
5.289411764705882, 408.7717892769841
5.309004229142638, 471.7611108563332
5.297808535178778, 439.1385127679427
5.339792387543253, 544.4567153473391
5.331395617070358, 506.8071673185489
5.331395617070358, 480.288612840801
5.356585928489043, 628.354283693994
5.356585928489043, 584.9031623905465
5.373379469434833, 687.2351171973861
5.406966551326413, 779.0519378910562
5.398569780853518, 738.2882459226398
5.423760092272203, 836.9259287182533
5.443352556708958, 899.0992462672798
5.4321568627450985, 793.1339950879935
5.474140715109574, 1010.1331550533234
5.465743944636678, 948.7419229945397
5.490934256055364, 1094.9374571555827
5.510526720492119, 1197.540131768369
5.524521337946943, 1357.5353427239081
5.5413148788927336, 1511.5832160861087
5.560907343329489, 1786.6801784391237
5.549711649365628, 1653.2282752232124
5.574901960784314, 1977.5813200519863
5.591695501730104, 2451.8629055355304
5.591695501730104, 2282.3149366706757
5.583298731257209, 2124.491323878629
5.583298731257209, 1874.104886900024
5.6084890426758935, 2855.140476329868
5.600092272202999, 2634.0062061332314
5.625282583621684, 3539.8863010205932
5.616885813148789, 3265.717593650543
5.616885813148789, 3039.8910257622683
5.642076124567474, 3837.072454922792
5.661668589004229, 5203.105063027432
5.658869665513264, 4800.117941935575
5.6504728950403695, 4508.388922836759
5.6504728950403695, 4196.630796803682
5.675663206459054, 6686.2826684586325
5.675663206459054, 6223.921725220733
5.675663206459054, 5845.660482099214
5.692456747404845, 9066.659963758671
5.684059976931949, 8289.847949356583
5.684059976931949, 7716.599388501636
5.684059976931949, 7182.991351155661
5.709250288350634, 13207.801532161635
5.700853517877739, 12294.473173592987
5.700853517877739, 11444.302085258485
5.700853517877739, 10652.920899446412
5.700853517877739, 9916.264254859427
5.726043829296424, 17591.909294620127
5.7176470588235295, 16375.41693584118
5.7176470588235295, 15243.045841797242
5.7176470588235295, 14188.978970457996
5.74563629373318, 44656.11278660946
5.742837370242214, 40830.07264969102
5.742837370242214, 38006.645666587516
5.742837370242214, 35378.4605582001
5.742837370242214, 32932.016217586344
5.742837370242214, 30930.5602316468
5.73444059976932, 29050.74350511926
5.73444059976932, 27041.865054294583
5.73444059976932, 25171.90189937194
5.73444059976932, 23431.24795421515
5.73444059976932, 21810.961400005
5.73444059976932, 20302.71875070696
5.73444059976932, 18898.772094943633
5.759630911188005, 88211.80678849912
5.759630911188005, 82850.70021182066
5.75123414071511, 76433.80784574972
5.75123414071511, 71148.35862932098
5.75123414071511, 66228.40178082221
5.75123414071511, 61648.66325720723
5.75123414071511, 57385.61673250364
5.75123414071511, 53417.36274200253
5.75123414071511, 49723.51618370759
5.776424452133795, 168117.22537165077
5.768027681660899, 156491.8061736175
5.768027681660899, 145670.29253155136
5.768027681660899, 135597.09383560743
5.768027681660899, 126220.46360399875
5.768027681660899, 117492.23365895478
5.768027681660899, 109367.56668459158
5.768027681660899, 101804.72589557368
5.768027681660899, 94764.86063334066
5.793217993079585, 303638.78986989986
5.7848212226066895, 277623.66843022226
5.7848212226066895, 258425.80504851157
5.7848212226066895, 240555.48683075266
5.7848212226066895, 223920.91313604562
5.7848212226066895, 208436.63139954745
5.7848212226066895, 194023.09815874588
5.7848212226066895, 180606.27043505403
5.810011534025375, 411736.95400948264
5.80161476355248, 383265.06673499313
5.80161476355248, 356762.0296136839
5.80161476355248, 332091.69533335365
5.82960399846213, 784703.0551932189
5.826805074971165, 717471.3774366159
5.826805074971165, 667857.7491671029
5.826805074971165, 627268.4369004342
5.81840830449827, 589145.9557401437
5.81840830449827, 548406.1166834143
5.81840830449827, 510483.46489614947
5.81840830449827, 475183.1899840287
5.834, 761273.998658247
5.846397539407921, 1083298.3747975104
5.843598615916955, 990483.6893357537
5.843598615916955, 921991.0760899226
5.83520184544406, 873748.1305359988
5.860392156862745, 1295834.738704179
5.860392156862745, 1206226.895037314
5.8799846212995, 1504472.3966490044
5.868788927335641, 1392099.3446101032
5.910772779700116, 1522547.997316494
5.910772779700116, 1417262.7793455156
5.91916955017301, 1295834.738704179
5.927566320645905, 1184810.3926132626
5.91916955017301, 1143111.3834753665
5.935963091118801, 1083298.3747975104
5.935963091118801, 1008387.5636315006
5.935963091118801, 938656.8854372574
5.944359861591695, 881609.6512293968
5.952756632064591, 813327.8596891321
5.96, 761273.998658247
5.952756632064591, 717471.3774366159
5.969550173010381, 679929.8724309887
5.969550173010381, 632912.2644803376
5.969550173010381, 589145.9557401437
5.969550173010381, 548406.1166834143
5.969550173010381, 510483.46489614947
5.977946943483276, 475183.1899840287
5.977946943483276, 442323.95282251405
5.977946943483276, 411736.95400948264
5.977946943483276, 383265.06673499313
5.977946943483276, 359971.984497027
5.98634371395617, 332091.69533335365
5.98634371395617, 309127.33126000507
5.994740484429066, 282641.96334473183
5.994740484429066, 263097.08149473876
5.994740484429066, 240555.48683075266
5.994740484429066, 223920.91313604562
5.994740484429066, 208436.63139954745
5.994740484429066, 195768.81474212382
6.003137254901961, 180606.27043505403
6.003137254901961, 168117.22537165077
6.003137254901961, 156491.8061736175
6.003137254901961, 145670.29253155136
6.003137254901961, 135597.09383560743
6.003137254901961, 126220.46360399875
6.003137254901961, 117492.23365895478
6.011534025374856, 107425.75062440443
6.003137254901961, 103644.93693061848
6.019930795847751, 98221.74230438742
6.019930795847751, 91429.6427671424
6.019930795847751, 85107.22148077673
6.019930795847751, 79221.99987837032
6.019930795847751, 73743.74530774794
6.019930795847751, 68644.31572496508
6.019930795847751, 63897.51512734225
6.019930795847751, 59478.95898340241
6.019930795847751, 55365.94896841985
6.028327566320646, 50622.31299669969
6.019930795847751, 48840.677466330206
6.036724336793541, 46285.10159913481
6.036724336793541, 43084.45569551619
6.036724336793541, 40105.136608657675
6.036724336793541, 37331.83944033159
6.045121107266436, 34133.32736279724
6.045121107266436, 31772.984820032834
6.036724336793541, 30654.745148428967
6.053517877739331, 29050.74350511926
6.053517877739331, 27041.865054294583
6.053517877739331, 25171.90189937194
6.053517877739331, 23431.24795421515
6.053517877739331, 21810.961400005
6.053517877739331, 20302.71875070696
6.053517877739331, 18898.772094943633
6.053517877739331, 17591.909294620127
6.053517877739331, 16375.41693584118
6.061914648212226, 15243.045841797242
6.061914648212226, 14188.978970457996
6.061914648212226, 13207.801532161635
6.061914648212226, 12294.473173592987
6.061914648212226, 11444.302085258485
6.061914648212226, 10652.920899446412
6.061914648212226, 9916.264254859427
6.0703114186851215, 9230.547912668035
6.0703114186851215, 8592.2493167028
6.0703114186851215, 7998.089497922401
6.0703114186851215, 7445.016230199922
6.0703114186851215, 6930.188350897856
6.0703114186851215, 6450.9611656858215
6.0703114186851215, 6004.872862625014
6.078708189158016, 5490.388211905815
6.0703114186851215, 5297.155818228137
6.087104959630911, 5019.9835045727805
6.087104959630911, 4672.848269150849
6.087104959630911, 4349.717668716596
6.087104959630911, 4048.931766616825
6.095501730103806, 3702.027961425669
6.103898500576701, 3384.846131558549
6.112295271049597, 3094.8397618030567
6.129088811995387, 2855.140476329868
6.165474817377932, 2846.6284716479813
6.196262975778547, 2959.291769487744
6.215855440215302, 3169.6528884044346
6.229850057670127, 3539.8863010205932
6.2466435986159174, 4122.119812176851
6.238246828143022, 3768.9454119342736
6.263437139561707, 4548.953007121575
6.280230680507497, 5203.105063027432
6.280230680507497, 4886.884346231251
6.297024221453287, 6450.9611656858215
6.297024221453287, 6004.872862625014
6.297024221453287, 5639.9243986045
6.316616685890042, 8643.71132860686
6.305420991926182, 7998.089497922401
6.305420991926182, 7445.016230199922
6.305420991926182, 6930.188350897856
6.330611303344868, 11968.499187788611
6.322214532871972, 11041.523665854647
6.322214532871972, 10277.994878624195
6.322214532871972, 9567.264620525415
6.347404844290658, 18563.225275312794
6.339008073817762, 16972.76787671664
6.339008073817762, 15799.089563375781
6.339008073817762, 14706.571894734267
6.339008073817762, 13689.602557628337
6.339008073817762, 12742.957334123867
6.364198385236447, 29050.74350511926
6.364198385236447, 27041.865054294583
6.364198385236447, 25171.90189937194
6.364198385236447, 23431.24795421515
6.3558016147635525, 21810.961400005
6.3558016147635525, 20302.71875070696
6.383790849673203, 47973.51350932236
6.380991926182237, 43863.24558088078
6.380991926182237, 40830.07264969102
6.380991926182237, 38006.645666587516
6.372595155709343, 36017.95772249543
6.372595155709343, 33527.291722890805
6.372595155709343, 31208.85695220209
6.397785467128028, 71788.51369703191
6.389388696655133, 66228.40178082221
6.389388696655133, 61648.66325720723
6.389388696655133, 57385.61673250364
6.389388696655133, 53417.36274200253
6.414579008073818, 103644.93693061848
6.406182237600923, 94764.86063334066
6.406182237600923, 88211.80678849912
6.406182237600923, 82111.90102414222
6.406182237600923, 76433.80784574972
6.431372549019608, 141808.01025240545
6.4229757785467125, 130824.79905310483
6.4229757785467125, 121778.1762152095
6.4229757785467125, 113357.13343066385
6.448166089965398, 174249.8925975658
6.448166089965398, 162200.39533646853
6.439769319492503, 150984.12891460376
6.467758554402153, 201100.77323051926
6.456562860438294, 187194.51951567782
6.498546712802768, 204735.8487026976
6.515340253748557, 192292.94854089047
6.523737024221453, 180606.27043505403
6.5321337946943485, 165132.31185371318
6.5321337946943485, 153713.30143288395
6.5321337946943485, 143083.9232622622
6.540530565167244, 130824.79905310483
6.548927335640138, 121778.1762152095
6.548927335640138, 113357.13343066385
6.548927335640138, 105518.4114180587
6.548927335640138, 99105.4892706829
6.557324106113033, 91429.6427671424
6.557324106113033, 85107.22148077673
6.557324106113033, 79221.99987837032
6.557324106113033, 73743.74530774794
6.565720876585929, 68644.31572496508
6.574117647058823, 63897.51512734225
6.574117647058823, 59478.95898340241
6.574117647058823, 55365.94896841985
6.574117647058823, 51537.35636208887
6.574117647058823, 47973.51350932236
6.582514417531718, 43863.24558088078
6.574117647058823, 42319.49318834758
6.590911188004614, 40105.136608657675
6.590911188004614, 37331.83944033159
6.590911188004614, 34750.31763631596
6.599307958477509, 32347.309801194417
6.599307958477509, 30381.389573204542
6.607704728950403, 28028.31221447984
6.607704728950403, 26090.135575016804
6.607704728950403, 24285.985153651134
6.607704728950403, 22606.592947265024
6.607704728950403, 21043.331841389263
6.607704728950403, 19588.171292322026
6.616101499423299, 17909.8987133498
6.616101499423299, 16671.41717240876
6.616101499423299, 15518.577462937685
6.616101499423299, 14445.457394693805
6.616101499423299, 13446.544300872498
6.616101499423299, 12516.706719286263
6.616101499423299, 11651.168031808756
6.624498269896194, 10652.920899446412
6.624498269896194, 9916.264254859427
6.624498269896194, 9230.547912668035
6.624498269896194, 8592.2493167028
6.624498269896194, 7998.089497922401
6.624498269896194, 7445.016230199922
6.624498269896194, 6930.188350897856
6.632895040369088, 6336.424650200395
6.632895040369088, 5898.256624214453
6.641291810841984, 5392.906624541917
6.641291810841984, 5019.9835045727805
6.641291810841984, 4672.848269150849
6.641291810841984, 4349.717668716596
6.641291810841984, 4048.931766616825
6.641291810841984, 3768.9454119342736
6.641291810841984, 3508.3203019767543
6.641291810841984, 3265.717593650543
6.641291810841984, 3039.8910257622683
6.641291810841984, 2829.6805169182107
6.649688581314879, 2634.0062061332314
6.658085351787775, 2451.8629055355304
6.658085351787775, 2282.3149366706757
6.658085351787775, 2124.491323878629
6.658085351787775, 1977.5813200519863
6.658085351787775, 1840.830241791084
6.658085351787775, 1713.53559256089
6.658085351787775, 1595.0434539342086
6.658085351787775, 1484.745126382873
6.658085351787775, 1382.0740023604562
6.6664821222606685, 1286.5026556134185
6.674878892733564, 1197.540131768369
6.674878892733564, 1114.7294262770176
6.674878892733564, 1037.64513676293
6.674878892733564, 965.8912777101058
6.68327566320646, 883.1357809637225
6.68327566320646, 822.0663477763185
6.68327566320646, 765.2199069647424
6.68327566320646, 600.8335820833149
6.691672433679353, 699.6575036358522
6.691672433679353, 651.2757167199954
6.691672433679353, 564.3176894192038
6.691672433679353, 525.2947416762769
6.691672433679353, 488.9702570138082
6.700069204152249, 455.15763489499227
6.700069204152249, 423.6831783356352
6.700069204152249, 394.3852016148189
6.700069204152249, 367.1131996879649
6.700069204152249, 344.8017533987905
6.7084659746251445, 318.0964179757237
6.7084659746251445, 238.82310250427045
6.71686274509804, 222.3083243508166
6.725259515570934, 206.93555421332897
6.733656286043829, 189.20575896762475
6.742053056516725, 172.99501461991395
6.750449826989619, 158.17317214147346
6.76724336793541, 144.62123339371774
6.76724336793541, 134.62057784267694
6.784036908881199, 166.90651240857244
6.784036908881199, 155.364814826175
6.775640138408305, 127.57659078496641
6.80083044982699, 142.0534901206331
6.792433679354095, 137.05396461044165
6.820422914263745, 129.8826512169416
6.8428143021914645, 125.31147434871426
6.85121107266436, 114.57505551249204
6.8428143021914645, 110.54262440235274
6.870803537101115, 104.75851005598935
6.893194925028834, 97.51438863256027
6.893194925028834, 90.77120307743745
6.90159169550173, 82.9941207346412
6.893194925028834, 80.07317015851396
6.918385236447521, 75.88336215660804
6.937977700884276, 81.52056398075995
6.937977700884276, 70.63597662977386
6.954771241830065, 63.437350800325056
6.960369088811995, 75.88336215660804
6.968765859284891, 69.38183814974093
6.98555940023068, 64.58403738044018
6.977162629757786, 59.05061532907196
7.0191464821222604, 66.93996734826301
7.0191464821222604, 62.31102358711142
7.0359400230680516, 58.00217440013905
7.027543252595156, 53.03267227746381
7.027543252595156, 50.25775136162261
7.052733564013841, 62.31102358711142
7.06952710495963, 57.48495536371754
7.077923875432526, 53.03267227746381
7.086320645905421, 49.36542732350683
7.103114186851211, 45.9517748244419
7.119907727797002, 49.36542732350683
7.119907727797002, 42.77417869146497
7.119907727797002, 40.53603080995015
7.136701268742791, 45.9517748244419
7.153494809688582, 42.0147251380734
7.153494809688582, 39.10937863868599
7.145098039215687, 37.73293701781625
7.1730872741253355, 35.75857080826449
7.1702883506343715, 32.69485301883152
7.161891580161476, 31.544168501465517
7.178685121107267, 39.81631546810656
7.195478662053056, 34.50005975857407
7.203875432525952, 32.1143574240038
7.203875432525952, 30.162594966576425
7.220668973471741, 27.826463529098255
7.220668973471741, 25.902244861978247
7.220668973471741, 24.111087209781054
7.237462514417532, 32.1143574240038
7.237462514417532, 29.89362801032135
7.229065743944637, 22.44378931383737
7.229065743944637, 20.89178618870313
7.254256055363322, 27.826463529098255
7.254256055363322, 25.902244861978247
7.254256055363322, 24.111087209781054
7.271049596309111, 32.1143574240038
7.271049596309111, 29.89362801032135
7.262652825836217, 22.44378931383737
7.262652825836217, 20.89178618870313
7.262652825836217, 19.79862885804853
7.287843137254902, 28.32945162520135
7.296239907727798, 34.50005975857407
7.296239907727798, 32.1143574240038
7.3046366782006915, 29.89362801032135
7.313033448673587, 27.826463529098255
7.321430219146483, 25.902244861978247
7.321430219146483, 24.111087209781054
7.321430219146483, 22.44378931383737
7.321430219146483, 20.89178618870313
7.321430219146483, 19.44710512343791
7.321430219146483, 18.102324725424573
7.321430219146483, 17.002148959029366
7.3466205305651675, 29.89362801032135
7.355017301038063, 27.826463529098255
7.355017301038063, 25.902244861978247
7.3466205305651675, 24.111087209781054
7.3466205305651675, 22.44378931383737
7.3466205305651675, 21.269423819452054
7.388604382929642, 27.826463529098255
7.388604382929642, 25.902244861978247
7.405397923875433, 34.50005975857407
7.405397923875433, 32.1143574240038
7.405397923875433, 29.89362801032135
7.405397923875433, 24.111087209781054
7.405397923875433, 22.44378931383737
7.405397923875433, 20.89178618870313
7.405397923875433, 19.44710512343791
7.422191464821222, 27.826463529098255
7.422191464821222, 25.902244861978247
7.422191464821222, 18.102324725424573
7.422191464821222, 16.85053679633667
7.438985005767013, 29.362868035244748
7.430588235294118, 24.111087209781054
7.430588235294118, 22.44378931383737
7.430588235294118, 20.89178618870313
7.430588235294118, 19.44710512343791
7.455778546712803, 37.06299047589004
7.447381776239907, 27.332405963249276
7.472572087658594, 39.81631546810656
7.489365628604383, 42.0147251380734
7.492164552095347, 37.06299047589004
7.489365628604383, 34.50005975857407
7.514555940023068, 38.41499343979466
7.514555940023068, 35.75857080826449
7.514555940023068, 33.28584158822397
7.514555940023068, 30.984103256729433
7.514555940023068, 24.990623937714332
7.5229527104959635, 23.262505485520766
7.531349480968859, 29.362868035244748
7.559338715878508, 25.902244861978247
7.548143021914648, 24.54691657192553
7.573333333333333, 23.262505485520766
7.573333333333333, 21.653887586504908
7.573333333333333, 20.52085349652561
7.581730103806229, 26.847120366505077
7.581730103806229, 24.990623937714332
7.606920415224914, 21.269423819452054
7.606920415224914, 19.79862885804853
7.606920415224914, 18.429540357377228
7.606920415224914, 17.155125247278075
7.598523644752018, 16.551356299176433
7.626512879661669, 15.685310844407972
7.623713956170703, 14.34142699277224
7.615317185697809, 13.59101551968936
7.615317185697809, 12.651187656160962
7.615317185697809, 11.776349521456318
7.615317185697809, 10.962007032119883
7.615317185697809, 10.20397687358937
7.643306420607458, 24.990623937714332
7.640507497116494, 22.849480782481997
7.640507497116494, 21.269423819452054
7.640507497116494, 19.79862885804853
7.640507497116494, 18.429540357377228
7.640507497116494, 17.155125247278075
7.6573010380622835, 15.685310844407972
7.6573010380622835, 14.732030028759093
7.674094579008075, 23.68299597769257
7.674094579008075, 22.045300878351252
7.674094579008075, 20.52085349652561
7.674094579008075, 19.101822676387183
7.674094579008075, 17.780918791799603
7.674094579008075, 16.551356299176433
7.682491349480968, 15.133271527138746
7.682491349480968, 14.086795623484491
7.682491349480968, 13.112684232352509
7.682491349480968, 12.205933299034733
7.6992848904267595, 25.902244861978247
7.6992848904267595, 24.111087209781054
7.6992848904267595, 22.44378931383737
7.707681660899653, 20.89178618870313
7.707681660899653, 19.44710512343791
7.707681660899653, 18.102324725424573
7.707681660899653, 16.85053679633667
7.707681660899653, 15.968836799122409
7.73287197231834, 19.44710512343791
7.73287197231834, 18.102324725424573
7.741268742791234, 16.85053679633667
7.741268742791234, 15.685310844407972
7.741268742791234, 14.600661050702485
7.741268742791234, 13.59101551968936
7.749665513264129, 12.651187656160962
7.749665513264129, 11.989217520965052
7.777654748173778, 22.44378931383737
7.774855824682814, 20.52085349652561
7.774855824682814, 19.101822676387183
7.774855824682814, 17.780918791799603
7.774855824682814, 16.700276594971466
7.7664590542099186, 15.685310844407972
7.7664590542099186, 14.600661050702485
7.800046136101499, 22.44378931383737
7.8084429065743945, 20.52085349652561
7.8084429065743945, 19.101822676387183
7.8084429065743945, 17.780918791799603
7.8084429065743945, 16.551356299176433
7.800046136101499, 15.968836799122409
7.825236447520184, 15.133271527138746
7.825236447520184, 14.086795623484491
7.825236447520184, 13.112684232352509
7.825236447520184, 12.205933299034733
7.825236447520184, 11.361884802571524
7.825236447520184, 10.767377107068654
7.842029988465975, 16.257487737829457
7.858823529411764, 15.133271527138746
7.858823529411764, 14.086795623484491
7.858823529411764, 13.112684232352509
7.875617070357555, 16.257487737829457
7.875617070357555, 12.205933299034733
7.875617070357555, 11.361884802571524
7.875617070357555, 10.576202827285183
7.892410611303345, 15.133271527138746
7.892410611303345, 14.086795623484491
7.892410611303345, 13.112684232352509
7.884013840830449, 10.022805738749577
7.909204152249136, 16.257487737829457
7.90080738177624, 12.205933299034733
7.90080738177624, 11.361884802571524
7.91760092272203, 18.762670703125934
7.91760092272203, 17.465219405578694
7.925997693194925, 15.133271527138746
7.9427912341407145, 14.086795623484491
7.959584775086506, 16.257487737829457
7.959584775086506, 15.133271527138746
7.959584775086506, 13.230665186858694
7.979177239523259, 14.086795623484491
7.979177239523259, 12.205933299034733
7.976378316032295, 11.160155066302845
7.976378316032295, 10.48189233820613
7.967981545559399, 10.022805738749577
7.99597078046905, 16.85053679633667
7.993171856978086, 15.406818879833704
8.009965397923875, 14.086795623484491
8.009965397923875, 13.112684232352509
8.009965397923875, 12.205933299034733
8.026758938869666, 17.465219405578694
8.026758938869666, 16.257487737829457
8.026758938869666, 15.133271527138746
8.026758938869666, 11.361884802571524
8.026758938869666, 10.576202827285183
8.026758938869666, 9.933430021717431
8.04635140330642, 14.086795623484491
8.043552479815457, 12.879869133631543
8.043552479815457, 11.989217520965052
8.043552479815457, 9.413665854656571
8.063144944252212, 16.85053679633667
8.060346020761244, 15.406818879833704
8.063144944252212, 10.962007032119883
8.051949250288352, 10.20397687358937
8.06874279123414, 14.086795623484491
8.06874279123414, 13.112684232352509
8.077139561707035, 12.205933299034733
8.093933102652827, 11.361884802571524
8.093933102652827, 10.576202827285183
8.093933102652827, 9.844851288983238
8.093933102652827, 9.329721981295025
8.113525567089582, 15.133271527138746
8.110726643598618, 13.836685222316444
8.110726643598618, 12.879869133631543
8.110726643598618, 11.989217520965052
8.13031910803537, 10.962007032119883
8.127520184544405, 10.112985610920214
8.11912341407151, 9.49836501031794
8.144313725490196, 15.968836799122409
8.144313725490196, 14.864580994969202
8.144313725490196, 13.836685222316444
8.144313725490196, 12.879869133631543
8.144313725490196, 11.989217520965052
8.163906189926951, 10.962007032119883
8.161107266435987, 10.112985610920214
8.152710495963092, 9.49836501031794
8.152710495963092, 8.84154668193566
8.152710495963092, 8.378915029362581
8.180699730872739, 16.257487737829457
8.177900807381775, 14.864580994969202
8.169504036908883, 14.086795623484491
8.169504036908883, 13.112684232352509
8.169504036908883, 12.205933299034733
8.211487889273357, 15.968836799122409
8.211487889273357, 14.864580994969202
8.211487889273357, 13.836685222316444
8.211487889273357, 12.879869133631543
8.211487889273357, 11.989217520965052
8.231080353710112, 10.962007032119883
8.228281430219148, 10.022805738749577
8.228281430219148, 9.329721981295025
8.228281430219148, 8.684565431786863
8.228281430219148, 8.084021891563212
8.219884659746253, 7.661027528509975
8.219884659746253, 7.1312623226560765
8.219884659746253, 6.6381307370690275
8.219884659746253, 6.179099532270246
8.219884659746253, 5.751810643994766
8.2478738946559, 20.156506697046936
8.245074971164936, 18.429540357377228
8.245074971164936, 17.155125247278075
8.245074971164936, 15.968836799122409
8.245074971164936, 14.864580994969202
8.245074971164936, 13.836685222316444
8.245074971164936, 12.879869133631543
8.245074971164936, 11.989217520965052
8.261868512110727, 10.962007032119883
8.261868512110727, 10.20397687358937
8.261868512110727, 9.49836501031794
8.270265282583622, 20.89178618870313
8.270265282583622, 19.44710512343791
8.270265282583622, 18.102324725424573
8.270265282583622, 16.85053679633667
8.278662053056518, 15.406818879833704
8.278662053056518, 14.34142699277224
8.278662053056518, 13.34970767120722
8.278662053056518, 12.426566407687709
8.278662053056518, 11.567260983379125
8.295455594002306, 10.576202827285183
8.295455594002306, 9.844851288983238
8.295455594002306, 9.329721981295025
8.303852364475201, 18.762670703125934
8.303852364475201, 17.465219405578694
8.312249134948097, 15.968836799122409
8.312249134948097, 14.864580994969202
8.312249134948097, 13.836685222316444
8.312249134948097, 12.879869133631543
8.312249134948097, 11.989217520965052
8.312249134948097, 11.160155066302845
8.329042675893888, 10.20397687358937
8.329042675893888, 9.49836501031794
8.345836216839675, 12.426566407687709
8.345836216839675, 11.567260983379125
8.345836216839675, 10.767377107068654
8.345836216839675, 9.001365507906952
8.337439446366783, 8.378915029362581
8.36542868127643, 9.844851288983238
8.379423298731258, 11.567260983379125
8.379423298731258, 10.767377107068654
8.382222222222222, 8.84154668193566
8.379423298731258, 8.084021891563212
8.379423298731258, 7.5927123434798744
8.371026528258362, 7.260166236541276
8.396216839677049, 9.844851288983238
8.40461361014994, 13.112684232352509
8.413010380622836, 11.989217520965052
8.413010380622836, 11.160155066302845
8.413010380622836, 10.388422837948431
8.4158093041138, 9.164073201409423
8.413010380622836, 8.378915029362581
8.413010380622836, 7.799507420025083
8.413010380622836, 7.260166236541276
8.413010380622836, 6.758120858617541
8.421407151095732, 6.179099532270246
8.421407151095732, 5.751810643994766
8.446597462514418, 18.102324725424573
8.446597462514418, 16.85053679633667
8.446597462514418, 15.685310844407972
8.446597462514418, 14.600661050702485
8.446597462514418, 13.59101551968936
8.446597462514418, 12.651187656160962
8.446597462514418, 11.776349521456318
8.446597462514418, 10.962007032119883
8.446597462514418, 10.20397687358937
8.446597462514418, 9.49836501031794
8.446597462514418, 8.84154668193566
8.446597462514418, 8.230147782689878
8.446597462514418, 7.661027528509975
8.446597462514418, 7.195425625970048
8.438200692041523, 6.758120858617541
8.482983467896961, 10.962007032119883
8.480184544405997, 10.022805738749577
8.480184544405997, 9.329721981295025
8.480184544405997, 8.684565431786863
8.480184544405997, 8.084021891563212
8.480184544405997, 7.525006341028509
8.480184544405997, 7.00464709176703
8.480184544405997, 6.520271034548292
8.471787773933102, 6.179099532270246
8.471787773933102, 5.751810643994766
8.505374855824684, 11.776349521456318
8.505374855824684, 10.962007032119883
8.51377162629758, 10.20397687358937
8.51377162629758, 9.49836501031794
8.51377162629758, 8.84154668193566
8.51377162629758, 8.230147782689878
8.51377162629758, 7.661027528509975
8.51377162629758, 7.1312623226560765
8.51377162629758, 6.6381307370690275
8.51377162629758, 6.179099532270246
8.51377162629758, 5.751810643994766
8.550157631680122, 10.20397687358937
8.547358708189158, 9.329721981295025
8.547358708189158, 8.684565431786863
8.547358708189158, 8.084021891563212
8.547358708189158, 7.525006341028509
8.547358708189158, 7.00464709176703
8.547358708189158, 6.520271034548292
8.538961937716262, 6.179099532270246
8.538961937716262, 5.751810643994766
8.555755478662054, 16.257487737829457
8.555755478662054, 15.133271527138746
8.555755478662054, 14.086795623484491
8.564152249134949, 13.112684232352509
8.564152249134949, 12.205933299034733
8.564152249134949, 11.361884802571524
8.583744713571704, 10.576202827285183
8.580945790080737, 9.67005641219645
8.572549019607845, 9.329721981295025
8.614532871972319, 11.776349521456318
8.614532871972319, 10.962007032119883
8.614532871972319, 10.20397687358937
8.614532871972319, 9.49836501031794
8.622929642445214, 8.84154668193566
8.622929642445214, 8.378915029362581
8.639723183391002, 11.776349521456318
8.639723183391002, 10.962007032119883
8.639723183391002, 10.20397687358937
8.648119953863898, 9.329721981295025
8.650918877354862, 7.661027528509975
8.648119953863898, 7.00464709176703
8.648119953863898, 6.520271034548292
8.648119953863898, 6.069389907442799
8.664913494809689, 8.530371376433834
8.656516724336793, 5.549377574451567
8.656516724336793, 5.165634383065055
8.656516724336793, 4.808427291441046
8.68170703575548, 9.164073201409423
8.68170703575548, 7.940490458837704
8.68170703575548, 7.391400203404913
8.68170703575548, 6.880279908414008
8.68170703575548, 6.520271034548292
8.701299500192235, 9.844851288983238
8.701299500192235, 8.530371376433834
8.715294117647058, 7.661027528509975
8.715294117647058, 7.195425625970048
8.723690888119954, 10.962007032119883
8.723690888119954, 10.20397687358937
8.723690888119954, 9.49836501031794
8.723690888119954, 8.84154668193566
8.73208765859285, 8.230147782689878
8.73208765859285, 6.6381307370690275
8.73208765859285, 6.179099532270246
8.73208765859285, 5.751810643994766
8.73208765859285, 5.354069069707373
8.74888119953864, 7.661027528509975
8.74888119953864, 7.1312623226560765
8.74888119953864, 4.983831592774398
8.74888119953864, 4.723053888504416
8.768473663975392, 8.230147782689878
8.768473663975392, 6.6381307370690275
8.765674740484428, 6.069389907442799
8.765674740484428, 5.649687513506947
8.765674740484428, 5.259007822373488
8.774071510957324, 13.112684232352509
8.774071510957324, 12.205933299034733
8.774071510957324, 11.361884802571524
8.774071510957324, 10.576202827285183
8.78246828143022, 9.844851288983238
8.78246828143022, 9.164073201409423
8.78246828143022, 7.391400203404913
8.78246828143022, 4.808427291441046
8.79926182237601, 8.530371376433834
8.79926182237601, 7.940490458837704
8.79926182237601, 6.880279908414008
8.79926182237601, 6.404503925564576
8.79926182237601, 5.961628171901959
8.79926182237601, 5.599307920637564
8.790865051903115, 5.165634383065055
8.818854286812766, 10.576202827285183
8.816055363321798, 9.67005641219645
8.816055363321798, 9.082355004463382
8.807658592848906, 7.391400203404913
8.852441368704344, 10.20397687358937
8.84964244521338, 9.329721981295025
8.84964244521338, 8.684565431786863
8.866435986159171, 13.112684232352509
8.866435986159171, 12.205933299034733
8.866435986159171, 11.361884802571524
8.866435986159171, 7.940490458837704
8.866435986159171, 7.391400203404913
8.886028450595923, 14.086795623484491
8.886028450595923, 10.576202827285183
8.883229527104959, 9.67005641219645
8.883229527104959, 9.001365507906952
8.883229527104959, 8.378915029362581
8.886028450595923, 6.880279908414008
8.883229527104959, 6.2907922562169345
8.883229527104959, 5.855779740964029
8.883229527104959, 5.450848633699056
8.874832756632063, 5.165634383065055
8.883229527104959, 4.85169096129425
8.90002306805075, 12.426566407687709
8.90002306805075, 11.567260983379125
8.902821991541714, 7.661027528509975
8.891626297577854, 4.4759213104347
8.891626297577854, 4.166408341634615
8.891626297577854, 3.878298402783265
8.891626297577854, 3.675367437897113
8.919615532487505, 10.576202827285183
8.916816608996541, 9.67005641219645
8.916816608996541, 9.001365507906952
8.916816608996541, 8.378915029362581
8.919615532487505, 6.880279908414008
8.916816608996541, 6.2907922562169345
8.925213379469437, 13.59101551968936
8.933610149942329, 12.426566407687709
8.933610149942329, 11.567260983379125
8.936409073433293, 7.661027528509975
8.936409073433293, 5.751810643994766
8.933610149942329, 5.259007822373488
8.933610149942329, 4.895343894625026
8.933610149942329, 4.597827481527378
8.925213379469437, 4.3183927431737
8.925213379469437, 4.019772980742117
8.925213379469437, 3.7418029757129134
8.942006920415224, 10.576202827285183
8.95040369088812, 9.67005641219645
8.95040369088812, 9.001365507906952
8.95040369088812, 8.378915029362581
8.942006920415224, 6.880279908414008
8.942006920415224, 6.404503925564576
8.986789696270666, 12.651187656160962
8.983990772779702, 11.567260983379125
8.983990772779702, 10.767377107068654
8.983990772779702, 10.022805738749577
8.983990772779702, 9.329721981295025
8.983990772779702, 8.762704529850831
8.975594002306806, 8.378915029362581
9.009181084198385, 10.576202827285183
9.01757785467128, 9.844851288983238
9.01757785467128, 9.164073201409423
9.01757785467128, 8.530371376433834
9.034371395617072, 7.940490458837704
9.034371395617072, 7.391400203404913
9.034371395617072, 6.880279908414008
9.034371395617072, 6.404503925564576
9.034371395617072, 6.015267729575176
9.025974625144176, 5.649687513506947
9.053963860053823, 8.530371376433834
9.06795847750865, 7.661027528509975
9.06795847750865, 7.1312623226560765
9.06795847750865, 6.6381307370690275
9.06795847750865, 6.179099532270246
9.06795847750865, 5.751810643994766
9.06795847750865, 5.354069069707373
9.06795847750865, 4.983831592774398
9.06795847750865, 4.639196286366511
9.06795847750865, 4.3183927431737
9.06795847750865, 4.019772980742117
9.06795847750865, 3.7418029757129134
9.084752018454441, 11.776349521456318
9.084752018454441, 10.962007032119883
9.084752018454441, 10.20397687358937
9.084752018454441, 9.49836501031794
9.084752018454441, 8.84154668193566
9.084752018454441, 8.230147782689878
9.084752018454441, 3.4830547834741528
9.084752018454441, 3.2421992027441715
9.084752018454441, 3.017998947403857
9.084752018454441, 2.8600829299095527
9.093148788927337, 7.661027528509975
9.101545559400229, 7.1312623226560765
9.101545559400229, 6.6381307370690275
9.101545559400229, 6.179099532270246
9.101545559400229, 5.751810643994766
9.101545559400229, 5.354069069707373
9.101545559400229, 4.983831592774398
9.101545559400229, 4.680937305696216
9.093148788927337, 4.3183927431737
9.093148788927337, 4.019772980742117
9.093148788927337, 3.7418029757129134
9.135132641291811, 9.844851288983238
9.135132641291811, 9.164073201409423
9.135132641291811, 8.530371376433834
9.135132641291811, 7.940490458837704
9.135132641291811, 7.391400203404913
9.135132641291811, 6.880279908414008
9.135132641291811, 6.404503925564576
9.135132641291811, 5.961628171901959
9.135132641291811, 5.549377574451567
9.135132641291811, 5.165634383065055
9.154725105728566, 4.837226658567291
9.16871972318339, 8.84154668193566
9.16871972318339, 8.230147782689878
9.16871972318339, 7.661027528509975
9.16871972318339, 7.1312623226560765
9.16871972318339, 6.697857104807204
9.160322952710494, 6.179099532270246
9.160322952710494, 5.751810643994766
9.160322952710494, 5.354069069707373
9.177116493656285, 11.776349521456318
9.177116493656285, 10.962007032119883
9.185513264129181, 10.20397687358937
9.185513264129181, 9.49836501031794
9.193910034602077, 8.84154668193566
9.193910034602077, 8.230147782689878
9.193910034602077, 7.661027528509975
9.202306805074972, 7.1312623226560765
9.21910034602076, 6.6381307370690275
9.21910034602076, 6.179099532270246
9.21910034602076, 5.751810643994766
9.21910034602076, 5.354069069707373
9.21910034602076, 4.983831592774398
9.21910034602076, 4.639196286366511
9.21910034602076, 4.3183927431737
9.21910034602076, 4.019772980742117
9.21910034602076, 3.775469727601851
9.23589388696655, 7.1312623226560765
9.255486351403306, 8.230147782689878
9.252687427912342, 7.525006341028509
9.255486351403306, 6.6381307370690275
9.252687427912342, 6.069389907442799
9.252687427912342, 5.649687513506947
9.252687427912342, 5.259007822373488
9.252687427912342, 4.895343894625026
9.252687427912342, 4.556827572054635
9.261084198385237, 9.844851288983238
9.261084198385237, 9.164073201409423
9.272279892349097, 4.166408341634615
9.269480968858133, 3.843714703403232
9.261084198385237, 3.6101114599655584
9.261084198385237, 3.360469824606999
9.261084198385237, 3.1280910762245293
9.261084198385237, 2.9117814745739814
9.261084198385237, 2.759423258984164
9.28627450980392, 6.6381307370690275
9.28627450980392, 6.179099532270246
9.28627450980392, 5.751810643994766
9.28627450980392, 5.354069069707373
9.28627450980392, 5.028673457185565
9.277877739331025, 4.639196286366511
9.305866974240676, 7.1312623226560765
9.322660515186467, 6.404503925564576
9.319861591695503, 5.855779740964029
9.319861591695503, 5.450848633699056
9.319861591695503, 5.073918784829065
9.311464821222607, 4.808427291441046
9.33665513264129, 8.230147782689878
9.33665513264129, 7.661027528509975
9.33665513264129, 7.1312623226560765
9.353448673587081, 10.20397687358937
9.353448673587081, 9.49836501031794
9.353448673587081, 8.84154668193566
9.353448673587081, 6.6381307370690275
9.353448673587081, 6.234695781511671
9.361845444059977, 11.776349521456318
9.361845444059977, 10.962007032119883
9.361845444059977, 8.230147782689878
9.370242214532873, 7.525006341028509
9.370242214532873, 7.00464709176703
9.373041138023837, 5.751810643994766
9.370242214532873, 5.259007822373488
9.370242214532873, 4.895343894625026
9.370242214532873, 4.556827572054635
9.370242214532873, 4.241719880851786
9.370242214532873, 3.9484020984144306
9.370242214532873, 3.675367437897113
9.361845444059977, 3.4830547834741528
9.370242214532873, 3.1846341066826387
9.370242214532873, 2.964414516449133
9.370242214532873, 2.759423258984164
9.370242214532873, 2.568607284835309
9.370242214532873, 2.390986363627986
9.370242214532873, 2.2256480485772325
9.370242214532873, 2.071742989206926
9.370242214532873, 1.9458320100649271
9.387035755478664, 6.404503925564576
9.403829296424451, 7.391400203404913
9.403829296424451, 6.880279908414008
9.403829296424451, 5.961628171901959
9.395432525951556, 5.549377574451567
9.395432525951556, 5.259007822373488
9.420622837370242, 9.164073201409423
9.420622837370242, 8.530371376433834
9.420622837370242, 7.940490458837704
9.420622837370242, 6.404503925564576
9.429019607843138, 9.844851288983238
9.429019607843138, 7.391400203404913
9.437416378316033, 6.758120858617541
9.454209919261821, 6.179099532270246
9.454209919261821, 5.751810643994766
9.454209919261821, 5.4022421339055935
9.445813148788929, 4.983831592774398
9.445813148788929, 4.723053888504416
9.471003460207612, 12.651187656160962
9.471003460207612, 11.776349521456318
9.471003460207612, 10.962007032119883
9.471003460207612, 10.20397687358937
9.471003460207612, 9.49836501031794
9.471003460207612, 8.84154668193566
9.471003460207612, 8.230147782689878
9.471003460207612, 7.661027528509975
9.471003460207612, 7.1312623226560765
9.471003460207612, 6.6381307370690275
9.487797001153403, 6.179099532270246
9.487797001153403, 5.751810643994766
9.487797001153403, 5.354069069707373
9.487797001153403, 4.983831592774398
9.487797001153403, 4.639196286366511
9.487797001153403, 4.3183927431737
9.487797001153403, 4.019772980742117
9.487797001153403, 3.775469727601851
9.496193771626299, 9.49836501031794
9.504590542099194, 8.684565431786863
9.504590542099194, 8.084021891563212
9.504590542099194, 7.525006341028509
9.504590542099194, 7.00464709176703
9.504590542099194, 6.520271034548292
9.524183006535946, 5.961628171901959
9.521384083044982, 5.450848633699056
9.521384083044982, 5.119571205852369
9.521384083044982, 4.765549413911406
9.538177623990773, 8.084021891563212
9.538177623990773, 7.525006341028509
9.538177623990773, 7.00464709176703
9.538177623990773, 6.520271034548292
9.554971164936564, 5.961628171901959
9.554971164936564, 5.549377574451567
9.554971164936564, 5.165634383065055
9.554971164936564, 4.808427291441046
9.554971164936564, 4.4759213104347
9.554971164936564, 4.166408341634615
9.554971164936564, 3.878298402783265
9.554971164936564, 3.6101114599655584
9.554971164936564, 3.360469824606999
9.554971164936564, 3.1280910762245293
9.554971164936564, 2.9117814745739814
9.554971164936564, 2.7104298273518923
9.554971164936564, 2.5230017819498762
9.554971164936564, 2.348534511938065
9.554971164936564, 2.1861317709817434
9.554971164936564, 2.034959288782978
9.554971164936564, 1.894240485396023
9.56336793540946, 7.940490458837704
9.56336793540946, 7.391400203404913
9.56336793540946, 6.880279908414008
9.56336793540946, 6.404503925564576
9.580161476355247, 5.549377574451567
9.580161476355247, 5.165634383065055
9.580161476355247, 4.808427291441046
9.580161476355247, 4.4759213104347
9.588558246828143, 4.166408341634615
9.588558246828143, 3.878298402783265
9.588558246828143, 3.6101114599655584
9.588558246828143, 3.360469824606999
9.588558246828143, 3.1280910762245293
9.588558246828143, 2.9117814745739814
9.588558246828143, 2.734816832520823
9.596955017301038, 2.5230017819498762
9.596955017301038, 2.348534511938065
9.596955017301038, 2.1861317709817434
9.596955017301038, 2.034959288782978
9.596955017301038, 1.894240485396023
9.622145328719725, 4.808427291441046
9.622145328719725, 4.4759213104347
9.622145328719725, 4.166408341634615
9.622145328719725, 3.878298402783265
9.622145328719725, 3.642593321678478
9.61374855824683, 3.360469824606999
9.61374855824683, 3.1280910762245293
9.61374855824683, 2.9117814745739814
9.61374855824683, 2.7104298273518923
9.638938869665512, 6.404503925564576
9.638938869665512, 5.961628171901959
9.638938869665512, 5.549377574451567
9.638938869665512, 5.165634383065055
9.655732410611304, 9.164073201409423
9.655732410611304, 8.530371376433834
9.655732410611304, 7.940490458837704
9.655732410611304, 7.391400203404913
9.655732410611304, 6.880279908414008
9.655732410611304, 4.808427291441046
9.6641291810842, 9.844851288983238
9.675324875048059, 6.404503925564576
9.672525951557095, 5.855779740964029
9.672525951557095, 5.450848633699056
9.672525951557095, 5.073918784829065
9.68092272202999, 7.1312623226560765
9.689319492502882, 4.765549413911406
9.706113033448673, 6.404503925564576
9.706113033448673, 5.961628171901959
9.706113033448673, 5.549377574451567
9.706113033448673, 5.165634383065055
9.706113033448673, 4.4759213104347
9.706113033448673, 4.166408341634615
9.706113033448673, 3.878298402783265
9.706113033448673, 3.6101114599655584
9.706113033448673, 3.360469824606999
9.706113033448673, 3.1280910762245293
9.706113033448673, 2.9117814745739814
9.706113033448673, 2.759423258984164
9.725705497885428, 7.940490458837704
9.722906574394464, 7.260166236541276
9.722906574394464, 6.758120858617541
9.725705497885428, 4.808427291441046
9.74249903883122, 6.179099532270246
9.739700115340256, 5.649687513506947
9.739700115340256, 5.259007822373488
9.74249903883122, 4.3183927431737
9.739700115340256, 3.9484020984144306
9.739700115340256, 3.675367437897113
9.73130334486736, 3.4830547834741528
9.73130334486736, 3.2421992027441715
9.73130334486736, 3.017998947403857
9.73130334486736, 2.8600829299095527
9.748096885813148, 9.164073201409423
9.748096885813148, 8.530371376433834
9.748096885813148, 7.940490458837704
9.748096885813148, 7.391400203404913
9.748096885813148, 6.880279908414008
9.756493656286043, 4.808427291441046
9.776086120722798, 6.404503925564576
9.773287197231834, 5.855779740964029
9.773287197231834, 5.450848633699056
9.773287197231834, 5.073918784829065
9.776086120722798, 4.4759213104347
9.773287197231834, 4.092433955293765
9.773287197231834, 3.809439395007756
9.773287197231834, 3.5460140988873543
9.773287197231834, 3.3008048391546385
9.773287197231834, 3.0725519646425883
9.773287197231834, 2.8600829299095527
9.790080738177625, 7.1312623226560765
9.806874279123413, 8.230147782689878
9.806874279123413, 7.661027528509975
9.806874279123413, 6.520271034548292
9.806874279123413, 6.069389907442799
9.806874279123413, 5.649687513506947
9.806874279123413, 5.259007822373488
9.806874279123413, 4.895343894625026
9.806874279123413, 4.556827572054635
9.806874279123413, 4.241719880851786
9.806874279123413, 3.9484020984144306
9.806874279123413, 3.708436438171991
9.798477508650517, 3.4830547834741528
9.798477508650517, 3.2421992027441715
9.798477508650517, 3.017998947403857
9.798477508650517, 2.8093022905013254
9.8320645905421, 9.164073201409423
9.8320645905421, 8.530371376433834
9.8320645905421, 8.084021891563212
9.840461361014995, 6.404503925564576
9.840461361014995, 5.961628171901959
9.840461361014995, 5.549377574451567
9.840461361014995, 5.165634383065055
9.840461361014995, 4.808427291441046
9.840461361014995, 4.4759213104347
9.840461361014995, 4.203895466642604
9.857254901960783, 3.878298402783265
9.874048442906574, 6.404503925564576
9.874048442906574, 5.961628171901959
9.874048442906574, 5.549377574451567
9.874048442906574, 5.165634383065055
9.874048442906574, 4.808427291441046
9.874048442906574, 4.4759213104347
9.874048442906574, 4.166408341634615
9.874048442906574, 3.675367437897113
9.890841983852365, 3.878298402783265
9.907635524798156, 6.880279908414008
9.907635524798156, 6.404503925564576
9.907635524798156, 5.961628171901959
9.907635524798156, 5.549377574451567
9.907635524798156, 5.165634383065055
9.907635524798156, 4.808427291441046
9.89923875432526, 4.4759213104347
9.89923875432526, 4.166408341634615
9.89923875432526, 3.675367437897113
9.924429065743944, 9.844851288983238
9.924429065743944, 9.164073201409423
9.924429065743944, 8.530371376433834
9.924429065743944, 7.940490458837704
9.924429065743944, 7.391400203404913
9.944021530180699, 10.576202827285183
9.944021530180699, 6.880279908414008
9.941222606689735, 6.2907922562169345
9.96081507112649, 9.49836501031794
9.958016147635526, 8.684565431786863
9.958016147635526, 8.084021891563212
9.958016147635526, 7.525006341028509
9.96081507112649, 5.751810643994766
9.977608612072281, 6.880279908414008
9.974809688581313, 6.347393457148579
9.966412918108421, 5.165634383065055
9.966412918108421, 4.808427291441046
9.966412918108421, 4.4759213104347
9.966412918108421, 4.166408341634615
9.966412918108421, 3.878298402783265
9.966412918108421, 3.675367437897113
9.991603229527104, 10.962007032119883
9.991603229527104, 10.20397687358937
9.991603229527104, 9.49836501031794
9.991603229527104, 8.84154668193566
9.991603229527104, 8.304198272576059
9.983206459054209, 7.661027528509975
10, 12.651187656160962
10, 11.776349521456318
