Energy(KeV),Counts        
0.10059759036708837, 457479.7237135344
0.0977443630149859, 448491.4822210395
0.08932531800515986, 443499.88988582883
0.12309099434676996, 477449.16149902786
0.1314141504612678, 467459.0728281429
0.1313630097170928, 459468.84295822517
0.13131186897291758, 451478.6130883072
0.12289921655611336, 447485.7994868362
0.1677453874689958, 465451.54291554913
0.16489216011689312, 456463.3014230542
0.19854916237713138, 473433.3345626781
0.19849802163295638, 465443.1046927604
0.19844688088878115, 457452.87482284266
0.19840213273762797, 450461.42368666455
0.2237359788833686, 477421.54549717344
0.2236848381391936, 469431.3156272555
0.2320207794397351, 461438.7844238498
0.23196963869555987, 453448.55455393204
0.2319312831374285, 447455.8821514938
0.26836480163350673, 461428.8119787357
0.265505181688382, 451441.79175250116
0.26546682613025085, 445449.1193500629
0.2991430061695548, 465415.48869090574
0.2990918654253796, 457425.258820988
0.2990535098672482, 451432.58641854953
0.324278681931617, 461413.4697554831
0.3326146232321583, 453420.9385520776
0.3325634824879833, 445430.7086821599
0.33251234174380806, 437440.47881224216
0.3324739861856767, 431447.8064098039
0.36898421579801743, 457406.0810419223
0.36612459585289314, 447419.06081568776
0.36607984770173996, 440427.60967950965
0.38309053773298274, 477377.82016090374
0.38303939698880773, 469387.59029098577
0.3997624203340657, 461392.75775409234
0.40825178386713246, 477370.9161604401
0.4165749399816301, 467380.8274895549
0.4192896611515917, 454728.8630843556
0.4529573177335331, 473363.5274468791
0.44172340092973594, 465376.3660216117
0.4416722601855607, 457386.136151694
0.4416211194413857, 449395.90628177626
0.4837866630137564, 485340.4340289668
0.4837355222695814, 477350.2041590491
0.4836843815254064, 469359.9742891311
0.5004074048706644, 461365.1417522377
0.5003562641264894, 453374.91188231995
0.500311515975336, 446383.46074614185
0.49187968577946584, 439394.31094345194
0.5340324441657931, 473341.2812231628
0.5339813034216176, 465351.05135324504
0.5339301626774426, 457360.8214833273
0.5338790219332676, 449370.5916134096
0.5703253256153895, 465341.078908131
0.5590914088115924, 457353.9174828639
0.603924794538431, 473322.10344409733
0.6010651745933064, 463335.0832178625
0.6010140338491314, 455344.8533479448
0.6263414874018502, 481306.1964247138
0.6346774287023915, 473313.66522130836
0.6346262879582161, 465323.4353513906
0.6345751472140411, 457333.2054814729
0.6345240064698661, 449342.97561155516
0.6681490457649952, 461319.11508248
0.6680979050208202, 453328.8852125623
0.6680531568696668, 446337.4340763842
0.7017229443159485, 465305.0246834876
0.7016718035717735, 457314.79481356987
0.7016334480136421, 451322.1224111314
0.7268841904500982, 465298.12068302394
0.7352201317506395, 457305.58947961824
0.7351689910064645, 449315.3596097005
0.7518920143517225, 441320.5270728071
0.7434537915628308, 433332.5985363771
0.7715641539444109, 457295.6170345042
0.7687045339992873, 447308.5968082696
0.7856704758793767, 477267.35615348537
0.7856193351352017, 469277.1262835674
0.7770404752998281, 439316.0656048639
0.8023423584804596, 461282.29374667397
0.8108317220135264, 477260.45215302194
0.819154878128024, 467270.36348213675
0.8358651162872379, 457277.9734777638
0.835820368136085, 450286.5223415857
0.8554903768644329, 465928.6860587031
0.8695412963265421, 477244.34281860664
0.8862643196718001, 469249.510281713
0.8948048239490418, 493217.89855797845
0.9031279800635394, 483227.8098870935
0.9030768393193644, 475237.58001717576
0.9197870774785784, 465245.1900128026
0.9197359367344033, 457254.96014288487
0.9196911885832504, 450263.50900670676
0.9366507378703182, 479223.4896181829
0.9365995971261427, 471233.25974826515
0.9533098352853575, 461240.8697438922
0.9532586945411825, 453250.6398739745
0.9532203389830511, 447257.96747153625
0.9896538574791289, 461230.89729877794
0.9868006301270265, 452242.65580628323
0.9783687999311563, 445253.5060035931
1.0204320620151768, 465217.5740109482
1.0203809212710018, 457227.34414103045
1.0203425657128704, 451234.671738592
1.0539292494498682, 457218.1388070788
1.0538781087056932, 449227.9089371611
1.0538269679615182, 441237.67906724336
1.045388745172626, 433249.75053081335
1.09037555313199, 473188.62610180024
1.0875159331868656, 463201.60587556567
1.0874647924426906, 455211.37600564794
1.0874200442915372, 448219.92486946983
1.0789882140956675, 441230.7750667797
1.1127666756233217, 477177.6041474582
1.1210898317378193, 467187.515476573
1.1210386909936438, 459197.2856066553
1.1377553217458807, 450203.674336022
1.1546253747306416, 465180.75267514214
1.1545806265794887, 458189.30153896403
1.1742463735791555, 473165.6127669213
1.1883015547699454, 485147.12201598496
1.2051140744175097, 491135.1917514475
1.2078245338587903, 477817.37485708855
1.2302625353656158, 489130.73028350435
1.2302113946214408, 481140.5004135866
1.2385345507359384, 471150.4117427014
1.2384834099917634, 463160.1818727837
1.2637597228003068, 481131.295079635
1.2720956641008485, 473138.7638762295
1.272044523356673, 465148.5340063118
1.271993382612498, 457158.30413639406
1.305592851535539, 465139.32867236016
1.305541710791364, 457149.09880244243
1.305490570047189, 449158.8689325247
1.3419411354579924, 465795.208716406
1.3307029569255138, 457142.19480197877
1.3755107722802646, 469115.26582825324
1.3726575449281622, 460127.0243357585
1.3642384999183361, 455135.4320005479
1.389565953471055, 481096.7750773169
1.4092380930637434, 497071.865039014
1.3980041762599467, 489084.7036137467
1.3979146799576403, 475101.8013413907
1.4233444149987091, 517043.6041579952
1.4149061922098174, 509055.67562156543
1.4403295346578646, 549998.6997044303
1.4318849192759509, 541011.9924342607
1.4318337785317758, 533021.7625643429
1.4317826377876008, 525031.5326944252
1.4600506841303875, 573631.0932914654
1.4488125055979093, 564978.0793770384
1.4487613648537339, 556987.8495071207
1.4771018605841026, 616906.9024198775
1.4742422406389781, 606919.8821936429
1.4741974924878247, 599928.4310574648
1.4657656622919555, 592939.2812547744
1.4657145215477805, 584949.0513848567
1.499467412703347, 616900.7655305765
1.4994162719591715, 608910.5356606587
1.4993651312149965, 600920.305790741
1.4993139904708215, 592930.075920823
1.4992628497266465, 584939.8460509053
1.499211708982471, 576949.6161809876
1.5075540428760348, 569955.8637113217
1.515883591583554, 560964.5537741762
1.5242067476980516, 550974.4651032912
1.5325299038125493, 540984.376432406
1.5324787630683743, 532994.1465624883
1.540801919182872, 523004.0578916033
1.540750778438697, 515013.8280216856
1.540699637694522, 507023.59815176786
1.540648496950347, 499033.3682818501
1.5322358445335424, 495040.5546803789
1.5573587351095608, 489040.97827747697
1.5573139869584074, 482049.52714129887
1.5740497954897095, 476052.2520718849
1.5824944108716228, 485038.95934205456
1.5907664262419454, 467058.64080125187
1.5823537738251414, 463065.8271997806
1.6102723584160648, 457065.4836857163
1.627123233621761, 469046.22582361684
1.6269698113892355, 445075.53621386364
1.624116584037133, 436087.29472136893
1.615697539027307, 431095.7023861583
1.6410249925800258, 457057.0454629273
1.649514356113093, 473035.2038692748
1.6578375122275901, 463045.11519838986
1.6605437099401892, 449061.44581487123
1.6576904825880867, 440073.2043223763
1.6492714375782611, 435081.6119871654
1.6914050181855218, 466032.24606565735
1.6829604028036085, 457045.53879548796
1.6829220472454771, 451052.8663930495
1.711121905929364, 488998.7871635326
1.70826228598424, 479011.766937298
1.699836848381392, 473021.3958683477
1.7279770428637409, 501645.3817905935
1.7420407475118938, 514958.5960179763
1.7588852301245674, 525940.5594221377
1.7785552388529153, 541582.7231392548
1.7673170603204376, 532929.7092248276
1.795452993074105, 560887.8426579137
1.792593373128981, 550900.8224316791
1.8009293144295222, 542908.2912282734
1.8262823383543287, 572864.7492400014
1.8262375902031753, 565873.2981038233
1.8177929748212616, 556886.5908336539
1.8177418340770866, 548896.360963736
1.8598306665331947, 572855.54390605
1.8597859183820413, 565864.0927698719
1.8933917798981048, 574843.8960395779
1.8933406391539298, 566853.6661696599
1.8849152015510817, 560863.2951007097
1.9269017525188394, 568842.0183031878
1.9436439536431631, 563843.5219675135
1.9604756510697932, 572827.9279041954
1.9689138738586849, 580815.8564406252
1.9771986744150516, 564833.095367302
1.9687732368122035, 558842.7242983512
1.9940239792486596, 572818.7225702438
2.0135469583375043, 565488.9754113476
2.0275978777996126, 576804.6321712511
2.0471165951597765, 568809.032523195
2.0358954635420234, 562819.4285654072
2.05278469430585, 580792.8431057464
2.077894799695825, 572795.709235365
2.0778564441376934, 566803.0368329266
2.111443127874691, 572786.5039014136
2.1113919871305162, 564796.2740314959
2.144991456053557, 572777.298567462
2.1449403153093822, 564787.0686975443
2.136514877706534, 558796.6976285938
2.1813354782473287, 572767.326122348
2.1701143466295756, 566777.7221645599
2.195390659438119, 584748.8353714112
2.214909376798282, 576753.2357233551
2.2036754599944848, 568766.074298088
2.245674796148287, 578742.3549680456
2.2456236554041116, 570752.1250981279
2.279235909513197, 580730.7071015737
2.2791847687690217, 572740.477231656
2.279133628024847, 564750.2473617382
2.3127330969478876, 572731.2718977043
2.3126883487967342, 565739.8207615262
2.3295584017814956, 580716.8991006464
2.3463709214290605, 586704.9688361089
2.3490771191416595, 572721.2994525903
2.379868108863752, 578705.5336322396
2.3798169681195764, 570715.3037623218
2.3714043157027724, 566722.4901608508
2.4161993458714788, 576698.003719646
2.413346118519377, 567709.7622271513
2.404914288323507, 560720.6124244609
2.446964765221484, 578687.1229643365
2.4469136244773093, 570696.8930944188
2.4385009720605044, 566704.0794929478
2.4832960022292117, 576679.593051743
2.4720748706114586, 570689.9890939551
2.5057126950926305, 584663.6860323597
2.5140358512071286, 574673.5973614748
2.513984710462953, 566683.3674915568
2.5139463549048218, 560690.6950891186
2.5503713499435383, 573331.9199380411
2.53913317141106, 564678.9060236139
2.5811580779369487, 578650.3016285305
2.581106937192774, 570660.0717586128
2.5726942847759693, 566667.2581571417
2.614731976487903, 582636.2112295381
2.6146808357437274, 574645.9813596203
2.614636087592574, 567654.5302234422
2.6510120727514543, 572638.4514470266
2.639778155947658, 564651.2900217595
2.6817902772875035, 576625.1281591966
2.681739136543328, 568634.8982892788
2.6816879957991526, 560644.6684193611
2.6732625581963054, 554654.2973504106
2.7153386054663695, 576615.922825245
2.715287464722194, 568625.6929553272
2.7152491091640627, 562633.020552889
2.7488869336452355, 576606.7174912933
2.74883579290106, 568616.4876213756
2.7487974373429287, 562623.8152189374
2.7824224766380583, 574599.9546898627
2.782377728486905, 567608.5035536846
2.8160091603750557, 580583.4217583493
2.8075709375861635, 572595.4932219195
2.807532582028032, 566602.820819481
2.8356301592235695, 588568.2818501287
2.8664914674689026, 605539.0821009153
2.8580468520869884, 596552.3748307454
2.883463801942013, 636496.6201798706
2.875025579153122, 628508.6916434406
2.8749744384089464, 620518.4617735229
2.874923297664771, 612528.2319036052
2.903493926743929, 708403.3192309919
2.9006343067988043, 698416.2990047575
2.900583166054629, 690426.0691348396
2.9005384179034754, 683434.6179986617
2.8921065877076053, 676445.4681959716
2.8920554469634308, 668455.2383260538
2.8920043062192553, 660465.0084561361
2.8919531654750807, 652474.7785862184
2.8919020247309053, 644484.5487163006
2.9177025301672437, 744355.5180898088
2.9176513894230682, 736365.288219891
2.917600248678893, 728375.0583499733
2.9091620258900024, 720387.1298135433
2.937481212976964, 776976.9202805015
2.926243034444485, 768323.9063660742
2.9261918937003104, 760333.6764961565
2.926140752956135, 752343.4466262388
2.9543320881826594, 788957.662418402
2.97671894894531, 792280.7879749001
2.985042105059808, 782290.6993040151
2.9849909643156325, 774300.4694340974
2.9765783118988285, 770307.6558326262
2.9933141204301297, 764310.3807632122
2.9932629796859542, 756320.1508932945
2.9932118389417797, 748329.9210233768
3.001547780242321, 740337.3898199713
3.0015030320911675, 733345.9386837932
3.0098325807986877, 724354.6287466479
3.009781440054512, 716364.3988767301
3.0097302993103376, 708374.1690068122
3.009679158566162, 700383.9391368944
3.0096280178219876, 692393.7092669767
3.017951173936485, 682403.6205960915
3.026274330050983, 672413.5319252068
3.0262231893068074, 664423.3020552888
3.0345463454213046, 654433.2133844038
3.0428695015358027, 644443.1247135187
3.0428183607916273, 636452.8948436009
3.0427672200474527, 628462.664973683
3.0427160793032773, 620472.4351037652
3.042664938559102, 612482.2052338475
3.051000879859644, 604489.674030442
3.0509561317084906, 597498.2228942639
3.0592856804160107, 588506.9129571186
3.067621621716552, 580514.3817537129
3.0675704809723765, 572524.1518837952
3.067525732821224, 565532.700747617
3.1011315943372866, 574512.5040173233
3.0927189419204826, 570519.6904158522
3.1347949891905467, 592481.3158906864
3.134743848446371, 584491.0860207686
3.12630562565748, 576503.1574843389
3.1262544849133045, 568512.9276144211
3.126216129355173, 562520.2552119829
3.1516202940241556, 600466.9430936286
3.16850313219496, 617441.578900228
3.160058516813046, 608454.8716300586
3.18533482962159, 626425.9848369099
3.2105088609417836, 628416.6383039255
3.218851194835347, 621422.8858342597
3.227180743542866, 612431.5758971141
3.2355166848434083, 604439.0446937087
3.235471936692255, 597447.5935575305
3.252194960037512, 589452.7610206371
3.2717115465333357, 581124.2351280011
3.305281183355608, 584444.2922398485
3.3359826767753935, 576445.6241471418
3.335931536031218, 568455.3942772241
3.352660951969498, 561459.3404740703
3.3611950636537173, 584428.9500165959
3.361143922909543, 576438.7201466782
3.36946707902404, 566448.6314757932
3.386183709776277, 557455.0202051599
3.4030026220168628, 564441.8686743623
3.402906733121534, 549460.1876682665
3.411440844805754, 572429.7972107923
3.4225213393770266, 556446.2690263062
3.4392230540788784, 545122.1740436137
3.4279848755464, 536469.1601291865
3.427946519988269, 530476.487726748
3.456120808300068, 564427.2935622723
3.4532611883549436, 554440.2733360378
3.4699714265141575, 544447.8833316648
3.478460790047224, 560426.0417380123
3.4867967313477655, 552433.5105346069
3.4867072350454587, 538450.6082622509
3.5035197546930235, 544438.6779977134
3.523191894285712, 560413.7679594103
3.5203322743405883, 550426.7477331758
3.5202619558173476, 539440.1816620389
3.553957313635717, 562402.8872041011
3.5539061728915424, 554412.6573341833
3.553855032147367, 546422.4274642656
3.545442379730563, 542429.6138627944
3.587518427000627, 564391.2393376289
3.5874672862564516, 556401.0094677112
3.60713942584914, 572376.0994294083
3.6380454822456265, 596338.3508163725
3.637994341501452, 588348.1209464548
3.62955611871256, 580360.192410025
3.6295177631544284, 574367.5200075868
3.654928320416431, 613312.9866229722
3.646483705034518, 604326.2793528026
3.6717983734011934, 628290.0649620921
3.6633601506123012, 620302.1364256623
3.6886236782348005, 636275.6921650344
3.7053658793591246, 631277.1958293598
3.7220952952974047, 624281.142026206
3.722050547146252, 617289.6908900279
3.7303800958537705, 608298.3809528828
3.7387160371543127, 600305.8497494771
3.7554454530925927, 593309.7959463233
3.7721492986587846, 582318.6272082105
3.772098157914609, 574328.3973382928
3.805646486093476, 574319.1920043414
3.8056017379423226, 567327.7408681633
3.8419521527291165, 568316.5471567886
3.839098925377014, 559328.3056642939
3.872858209125602, 592278.7985437531
3.8728070683814266, 584288.5686738354
3.872755927637252, 576298.3388039176
3.8727111794860987, 569306.8876677398
3.8642793492902285, 562317.7378650494
3.906406537304468, 592269.5932098015
3.9063681817463367, 586276.9208073632
3.9400060062275095, 600250.617745768
3.9315805686246614, 594260.2466768173
3.95968240754888, 616891.5601966251
3.948444229016401, 608238.5462821978
3.973790860348185, 637196.225560186
3.9653462449662724, 628209.5182900163
3.990660913332947, 652173.3038993061
3.982222690544055, 644185.3753628763
4.007741921887431, 700110.0804518368
4.007690781143256, 692119.8505819191
4.007639640399081, 684129.6207120013
4.007594892247927, 677138.1695758232
3.999150276866014, 668151.4623056536
3.9990991361218384, 660161.2324357359
4.02751634296847, 732065.6301533694
4.0246567230233445, 722078.6099271348
4.024611974872192, 715087.1587909567
4.016180144676322, 708098.0089882666
4.041788872322004, 778005.6163495835
4.033337864347068, 768020.1303456742
4.0332867236028935, 760029.9004757565
4.033235582858718, 752039.6706058388
4.0331844421145435, 744049.4407359208
4.061631481061943, 820614.8058776732
4.050393302529465, 811961.791963246
4.05034216178529, 803971.5620933282
4.050291021041114, 795981.3322234105
4.05023988029694, 787991.1023534925
4.078733798259833, 871880.844876003
4.0758741783147086, 861893.8246497684
4.075823037570533, 853903.5947798507
4.0757718968263585, 845913.364909933
4.0673464592235105, 839922.9938409824
4.067295318479335, 831932.7639710647
4.09578923644223, 915822.5064935748
4.092929616497105, 905835.4862673403
4.09287847575293, 897845.2563974225
4.084453038150082, 891854.8853284721
4.084401897405907, 883864.6554585543
4.109997839865544, 951774.7053523916
4.101559617076653, 943786.7768159617
4.101508476332477, 935796.546946044
4.101457335588303, 927806.3170761262
4.126931818780525, 976739.571028909
4.118487203398612, 967752.8637587393
4.118436062654436, 959762.6338888215
4.143757123614133, 984725.1982318509
4.160576035854719, 991712.0467010532
4.177299059199978, 983717.2141641596
4.1772543110488245, 976725.7630279816
4.185583859756344, 967734.4530908363
4.185532719012168, 959744.2232209184
4.185481578267993, 951753.9933510007
4.193823912161557, 944760.2408813348
4.202153460869076, 935768.9309441894
4.202102320124902, 927778.7010742717
4.202051179380726, 919788.4712043538
4.202000038636551, 911798.2413344361
4.210323194751049, 901808.152663551
4.218646350865547, 891818.0639926661
4.2185952101213715, 883827.8341227482
4.226918366235869, 873837.7454518632
4.218505713819066, 869844.9318503921
4.235241522350367, 863847.6567809782
4.235190381606191, 855857.4269110605
4.235139240862016, 847867.1970411427
4.235088100117841, 839876.967171225
4.235036959373666, 831886.7373013073
4.234985818629491, 823896.5074313893
4.2433089747439885, 813906.4187605043
4.243257833999814, 805916.1888905864
4.2432066932556385, 797925.9590206686
4.243155552511464, 789935.7291507509
4.2431044117672885, 781945.4992808332
4.2346917593504845, 777952.6856793624
4.2514275678817866, 771955.410609948
4.251376427137611, 763965.1807400302
4.251325286393436, 755974.9508701125
4.259661227693977, 747982.419666707
4.2596100869498015, 739992.1897967893
4.259558946205627, 732001.9599268716
4.2595078054614515, 724011.7300569538
4.259463057310298, 717020.2789207757
4.267792606017818, 708028.9689836302
4.267741465273643, 700038.7391137125
4.267690324529468, 692048.5092437947
4.267639183785293, 684058.279373877
4.275962339899791, 674068.1907029918
4.284285496014288, 664078.1020321068
4.284234355270113, 656087.8721621891
4.2925575113846115, 646097.7834913039
4.326067484005346, 640095.9057549143
4.326022735854193, 633104.4546187362
4.342892788838953, 648081.5329578561
4.359615812184212, 640086.7004209626
4.359564671440037, 632096.4705510449
4.379236811032726, 648071.560512742
4.376313265157383, 628096.7529491102
4.384751487946273, 636084.6814855402
4.41291299107203, 668037.9298535849
4.401679074268232, 660050.7684283177
4.401627933524058, 652060.5385584
4.401576792779882, 644070.3086884823
4.426980957448863, 682016.9965701278
4.443927721549888, 708979.4197141246
4.435483106167974, 699992.7124439548
4.435431965423799, 692002.482574037
4.460804167127671, 724955.2767869842
4.452359551745757, 715968.5695168148
4.480623336359863, 763902.2776246949
4.469389419556065, 755915.1161994277
4.4693382788118905, 747924.88632951
4.469287138067715, 739934.6564595923
4.4692359973235405, 731944.4265896745
4.49747847329424, 776548.8722517558
4.528265201287651, 781867.2539422452
4.544994617225931, 774871.2001390914
4.553336951119493, 767877.4476694257
4.561660107233991, 757887.3589985406
4.553247454817187, 753894.5453970695
4.569983263348489, 747897.2703276554
4.578319204649031, 739904.7391242499
4.578268063904856, 731914.5092543322
4.5866040052053965, 723921.9780509265
4.586552864461221, 715931.7481810087
4.594895198354785, 708937.9957113427
4.611599043920978, 697946.8269732301
4.6115479031768025, 689956.5971033121
4.6451345869138, 695940.0641717992
4.636696364124908, 687952.1356353692
4.662017425084605, 712914.6999783984
4.653572809702691, 703927.992708229
4.678945011406563, 736880.7869211761
4.670500396024649, 727894.0796510065
4.670449255280475, 719903.8497810888
4.695776708833193, 745865.1928578578
4.715512774356101, 771828.0701569521
4.704278857552304, 763840.9087316848
4.704227716808129, 755850.678861767
4.729567955546892, 783809.5794060156
4.7463804751944565, 789797.6491414781
4.763077928167626, 777807.7016696259
4.788226389115732, 775803.2402016828
4.788175248371557, 767813.010331765
4.796511189672098, 759820.4791283594
4.796460048927923, 751830.2492584416
4.813170287087138, 741837.8592540687
4.804757634670334, 737845.0456525977
4.821493443201636, 731847.7705831835
4.829816599316133, 721857.6819122985
4.866126527680455, 716520.8895539057
4.896926040859909, 723836.828711875
4.8968812927087555, 716845.3775756969
4.913751345693517, 731822.4559148168
4.950125199988058, 736473.4508938214
4.983724668911099, 744454.4754297875
4.972499275564664, 737799.01898284
5.014485826532422, 745777.7421853184
5.014441078381268, 738786.2910491403
5.039634287480528, 743773.2807173752
5.047970228781069, 735780.7495139695
5.064699644719349, 728784.695710816
5.081518556959935, 735771.5441800181
5.115066885138802, 735762.3388460665
5.134594125956328, 729098.44417633
5.165299881104794, 721765.6285727832
5.165261525546662, 715772.956170345
5.190448342052901, 719761.16710484
5.198771498167398, 709771.0784339551
5.190358845750594, 705778.2648324841
5.2154689511405685, 697781.1309621029
5.207056298723764, 693788.3173606317
5.232166404113739, 685791.1834902503
5.248876642272952, 675798.7934858773
5.265612450804254, 669801.5184164634
5.285246234838812, 679783.9359757223
5.299173564169164, 671789.8705499913
5.318845703761854, 687764.9605116884
5.307611786958057, 679777.7990864213
5.349707012007186, 704735.7607624745
5.341262396625273, 695749.0534923051
5.341224041067141, 689756.3810898666
5.366577064991947, 719712.8391015946
5.366525924247772, 711722.6092316769
5.383415155011599, 729696.0237720162
5.417052979492772, 743669.7207104205
5.408627541889924, 737679.3496414702
5.43387828432638, 751655.3479133628
5.453499283174894, 759640.2080051422
5.442227010812966, 745660.3741774363
5.484335021048139, 772615.8933209695
5.47590319085227, 765626.7435182794
5.501166718474769, 781600.2992576512
5.520800502509327, 791582.7168169101
5.5348684688861605, 805561.783533453
5.551719344091857, 817542.5256713538
5.57140853059927, 836181.0255896903
5.560170352066792, 827528.0116752633
5.585459450061379, 847496.6823495941
5.6023870363833375, 871462.7692923713
5.602335895639163, 863472.5394224536
5.593897672850271, 855484.6108860238
5.593808176547964, 841501.7086136676
5.619269874554142, 888437.4050989709
5.610825259172229, 879450.6978288013
5.636197460876101, 912403.4920417485
5.627752845494188, 903416.7847715789
5.627701704750012, 895426.5549016611
5.653029158302731, 921387.8979784301
5.672816364569814, 955341.0051474422
5.669963137217711, 946352.7636549474
5.661531307021841, 939363.6138522573
5.661480166277666, 931373.3839823395
5.686973827248955, 983302.9741363412
5.686922686504779, 975312.7442664235
5.686877938353626, 968321.2931302454
5.703965339501131, 1017256.848416516
5.695514331526196, 1007271.3624126067
5.695463190782021, 999281.1325426889
5.695412050037845, 991290.9026727711
5.721007992497484, 1059200.9525666083
5.712569769708592, 1051213.0240301788
5.712518628964417, 1043222.7941602608
5.712467488220242, 1035232.5642903431
5.712416347476067, 1027242.3344204254
5.737986719563617, 1091157.2693793038
5.729548496774726, 1083169.3408428738
5.729497356030551, 1075179.110972956
5.729446215286376, 1067188.8811030383
5.758221407342233, 1195024.887910096
5.755361787397108, 1185037.8676838616
5.755310646652933, 1177047.637813944
5.755259505908757, 1169057.407944026
5.755208365164583, 1161067.1780741084
5.755163617013429, 1154075.7269379303
5.746731786817559, 1147086.5771352402
5.746680646073385, 1139096.3472653222
5.746629505329209, 1131106.1173954047
5.746578364585034, 1123115.8875254868
5.746527223840859, 1115125.657655569
5.746476083096684, 1107135.4277856513
5.746424942352509, 1099145.1979157336
5.772685714486424, 1270928.2361185018
5.7726409663352705, 1263936.7849823236
5.764196350953357, 1254950.077712154
5.764145210209182, 1246959.8478422365
5.764094069465006, 1238969.6179723185
5.764042928720832, 1230979.3881024008
5.763991787976656, 1222989.158232483
5.763940647232481, 1214998.9283625653
5.763889506488306, 1207008.6984926476
5.789920145273432, 1342835.702280786
5.781481922484541, 1334847.773744356
5.781430781740365, 1326857.5438744382
5.78137964099619, 1318867.3140045204
5.781328500252015, 1310877.0841346025
5.78127735950784, 1302886.854264685
5.781226218763665, 1294896.624394767
5.78117507801949, 1286906.3945248495
5.781123937275314, 1278916.1646549315
5.80711622050231, 1408750.4960406316
5.798665212527374, 1398765.0100367223
5.7986140717831995, 1390774.7801668043
5.798562931039024, 1382784.5502968868
5.7985117902948495, 1374794.3204269689
5.798460649550674, 1366804.0905570514
5.798409508806499, 1358813.8606871334
5.798358368062324, 1350823.6308172157
5.824107732754487, 1442704.3703208063
5.815669509965596, 1434716.4417843763
5.815618369221421, 1426726.2119144585
5.815567228477246, 1418735.9820445408
5.844137857556402, 1514611.0693719278
5.841278237611277, 1504624.049145693
5.841227096867102, 1496633.8192757755
5.841182348715949, 1489642.3681395974
5.832750518520079, 1482653.2183369072
5.832699377775904, 1474662.9884669895
5.832648237031729, 1466672.7585970717
5.832597096287554, 1458682.5287271538
5.832545955543378, 1450692.2988572363
5.8611421549946225, 1550562.501119582
5.858282535049499, 1540575.4808933472
5.8582313943053235, 1532585.2510234294
5.849805956702475, 1526594.8799544792
5.875248476929588, 1570534.2402385632
5.875197336185413, 1562544.0103686452
5.894924878250959, 1587175.18268942
5.88368669971848, 1578522.168774993
5.925673250686238, 1586500.8919774713
5.925628502535084, 1579509.4408412934
5.9339580512426044, 1570518.1309041479
5.942281207357101, 1560528.042233263
5.933868554940298, 1556535.228631792
5.950604363471599, 1550537.9535623777
5.950553222727423, 1542547.72369246
5.950502081983249, 1534557.4938225423
5.958844415876812, 1527563.7413528764
5.967173964584332, 1518572.431415731
5.975497120698829, 1508582.342744846
5.967084468282025, 1504589.5291433749
5.983820276813327, 1498592.2540739607
5.983769136069151, 1490602.0242040432
5.983717995324977, 1482611.7943341252
5.983666854580801, 1474621.5644642075
5.983615713836627, 1466631.3345942898
5.991951655137168, 1458638.8033908843
5.991900514392992, 1450648.5735209663
5.991849373648818, 1442658.3436510486
5.991798232904642, 1434668.1137811309
5.991753484753489, 1427676.662644953
6.000083033461009, 1418685.3527078074
6.000031892716834, 1410695.1228378897
6.008355048831332, 1400705.0341670047
6.008303908087157, 1392714.8042970868
6.008252767342982, 1384724.5744271693
6.008201626598806, 1376734.3445572513
6.008150485854632, 1368744.1146873336
6.008099345110456, 1360753.8848174158
6.016422501224954, 1350763.7961465307
6.016371360480779, 1342773.5662766132
6.016320219736604, 1334783.3364066952
6.016269078992429, 1326793.1065367777
6.0162179382482535, 1318802.8766668597
6.016166797504079, 1310812.646796942
6.0161156567599035, 1302822.4169270243
6.024438812874401, 1292832.328256139
6.0160261604575975, 1288839.514654668
6.032761968988899, 1282842.239585254
6.032710828244723, 1274852.0097153364
6.032659687500548, 1266861.7798454184
6.032608546756373, 1258871.549975501
6.032557406012198, 1250881.320105583
6.032506265268023, 1242891.0902356654
6.032455124523848, 1234900.8603657475
6.032403983779672, 1226910.6304958297
6.032352843035498, 1218920.400625912
6.040675999149996, 1208930.3119550268
6.032263346733191, 1204937.4983535558
6.048999155264493, 1198940.2232841419
6.0489480145203185, 1190949.9934142241
6.048896873776143, 1182959.7635443064
6.048845733031968, 1174969.5336743887
6.057168889146466, 1164979.4450035035
6.057117748402291, 1156989.215133586
6.048705095985486, 1152996.401532115
6.065440904516787, 1146999.1264627008
6.065389763772613, 1139008.8965927828
6.065338623028437, 1131018.6667228653
6.065287482284262, 1123028.4368529473
6.065236341540087, 1115038.2069830296
6.065185200795912, 1107047.9771131119
6.065134060051737, 1099057.7472431941
6.065082919307562, 1091067.5173732764
6.0650317785633865, 1083077.2875033584
6.073367719863929, 1075084.756299953
6.073316579119753, 1067094.5264300352
6.073265438375579, 1059104.2965601175
6.073214297631403, 1051114.0666901998
6.073163156887228, 1043123.8368202819
6.073112016143053, 1035133.6069503642
6.073060875398878, 1027143.3770804465
6.08139681669942, 1019150.8458770409
6.0813456759552444, 1011160.6160071231
6.081294535211069, 1003170.3861372053
6.081243394466894, 995180.1562672876
6.081192253722719, 987189.9263973698
6.0811411129785435, 979199.6965274521
6.081089972234369, 971209.4666575344
6.089413128348867, 961219.3779866493
6.081000475932062, 957226.5643851783
6.097736284463364, 951229.2893157641
6.09768514371919, 943239.0594458464
6.097634002975014, 935248.8295759286
6.09758286223084, 927258.5997060109
6.105906018345336, 917268.5110351258
6.114229174459834, 907278.4223642407
6.122558723167354, 898287.1124270954
6.226010056040561, 899923.3605369779
6.2400673680956915, 912237.7960306212
6.256950206266497, 929212.4318372206
6.248499198291562, 919226.9458333113
6.27379468887917, 940194.3952413818
6.2906647418639325, 955171.4735805017
6.290619993712779, 948180.0224443238
6.30759232818589, 979137.5605232794
6.307541187441715, 971147.3306533616
6.307496439290562, 964155.8795171835
6.327371010995611, 1011758.9627139716
6.316132832463132, 1003105.9487995446
6.316081691718957, 995115.7189296269
6.316030550974782, 987125.4890597091
6.341581745283267, 1048044.0878173684
6.3331371299013535, 1039057.3805471988
6.333085989157178, 1031067.1506772811
6.3330348484130035, 1023076.9208073633
6.358669146430772, 1096979.643103639
6.350218138455837, 1086994.1570997296
6.3501669977116615, 1079003.927229812
6.350115856967486, 1071013.697359894
6.3500647162233115, 1063023.4674899764
6.350013575479136, 1055033.2376200585
6.3757629401713, 1146913.9771236493
6.375711799427125, 1138923.7472537314
6.37566065868295, 1130933.5173838139
6.375609517938774, 1122943.287513896
6.367171295149883, 1114955.358977466
6.367120154405708, 1106965.1291075484
6.395690783484865, 1202840.216434935
6.392831163539739, 1192853.1962087005
6.392780022795565, 1184862.9663387828
6.392728882051389, 1176872.736468865
6.384303444448542, 1170882.3653999146
6.3842523037043675, 1162892.1355299968
6.384201162960192, 1154901.9056600789
6.409956920245377, 1247781.4238974093
6.401512304863463, 1238794.7166272397
6.401461164119288, 1230804.486757322
6.401410023375113, 1222814.2568874042
6.401358882630937, 1214824.0270174865
6.426993180648708, 1288726.749313762
6.418542172673772, 1278741.2633098527
6.418491031929597, 1270751.033439935
6.418439891185422, 1262760.8035700172
6.418388750441247, 1254770.5737000995
6.443991085493907, 1323679.4023276763
6.435546470111992, 1314692.695057507
6.435495329367817, 1306702.4651875892
6.435444188623642, 1298712.2353176714
6.4609122792228435, 1346646.7105367142
6.460861138478668, 1338656.4806667967
6.452422915689776, 1330668.5521303667
6.480584418815532, 1362621.8004984115
6.469350502011735, 1354634.6390731442
6.511349838165536, 1364610.919743102
6.528079254103817, 1357614.8659399482
6.536421587997378, 1350621.1134702824
6.544744744111876, 1340631.0247993972
6.544693603367701, 1332640.7949294792
6.544642462623527, 1324650.5650595617
6.552965618738025, 1314660.4763886766
6.561301560038565, 1306667.945185271
6.561250419294391, 1298677.7153153531
6.561199278550216, 1290687.4854454356
6.561154530399062, 1283696.0343092573
6.569484079106582, 1274704.7243721122
6.569432938362407, 1266714.4945021942
6.569381797618231, 1258724.2646322767
6.569330656874056, 1250734.0347623588
6.5776665981745985, 1242741.5035589533
6.586002539475139, 1234748.9723555474
6.585951398730964, 1226758.7424856299
6.58590025798679, 1218768.512615712
6.585849117242615, 1210778.2827457944
6.585797976498439, 1202788.0528758764
6.594121132612937, 1192797.9642049915
6.585708480196132, 1188805.1506035205
6.602444288727435, 1182807.8755341063
6.6023931479832605, 1174817.6456641885
6.602342007239084, 1166827.4157942708
6.610677948539626, 1158834.884590865
6.610633200388474, 1151843.4334546872
6.61896274909599, 1142852.1235175417
6.618911608351816, 1134861.8936476242
6.618860467607641, 1126871.6637777062
6.618809326863467, 1118881.4339077885
6.61875818611929, 1110891.2040378707
6.618707045375116, 1102900.974167953
6.627030201489614, 1092910.885497068
6.626979060745439, 1084920.65562715
6.626927920001263, 1076930.4257572326
6.626876779257088, 1068940.1958873146
6.626825638512914, 1060949.966017397
6.6267744977687375, 1052959.7361474792
6.626723357024563, 1044969.5062775614
6.635046513139061, 1034979.4176066762
6.6349953723948865, 1026989.1877367585
6.63494423165071, 1018998.9578668408
6.634893090906536, 1011008.727996923
6.634841950162361, 1003018.4981270052
6.634790809418185, 995028.2682570874
6.63473966867401, 987038.0383871697
6.643062824788508, 977047.9497162846
6.643011684044334, 969057.7198463669
6.65133484015883, 959067.6311754818
6.651283699414655, 951077.4013055641
6.651232558670481, 943087.1714356464
6.651181417926306, 935096.9415657286
6.65113027718213, 927106.7116958109
6.651079136437955, 919116.481825893
6.651027995693781, 911126.2519559753
6.6509768549496044, 903136.0220860576
6.65092571420543, 895145.7922161398
6.650874573461255, 887155.562346222
6.659210514761796, 879163.0311428164
6.667546456062338, 871170.4999394107
6.667495315318163, 863180.270069493
6.667444174573989, 855190.0401995752
6.667393033829812, 847199.8103296575
6.667341893085638, 839209.5804597398
6.667290752341463, 831219.350589822
6.667239611597287, 823229.1207199041
6.667188470853112, 815238.8908499863
6.667137330108938, 807248.6609800686
6.675473271409478, 799256.1297766631
6.68380921271002, 791263.5985732574
6.683758071965846, 783273.3687033397
6.6837069312216695, 775283.138833422
6.683655790477495, 767292.9089635042
6.691978946591993, 757302.820292619
6.691927805847818, 749312.5904227013
6.691876665103642, 741322.3605527836
6.691704065092052, 714355.334741811
6.700199821218138, 731332.2718818986
6.700148680473964, 723342.0420119809
6.700046398985613, 707361.5822721452
6.699995258241438, 699371.3524022275
6.699944117497264, 691381.1225323097
6.708280058797804, 683388.591328904
6.70822891805363, 675398.3614589863
6.708177777309455, 667408.1315890686
6.7081266365652805, 659417.9017191508
6.708081888414126, 652426.4505829727
6.716411437121646, 643435.1406458274
6.71621965933099, 613471.7786336357
6.732929897490203, 603479.3886292628
6.732878756746029, 595489.1587593451
6.7495762097192, 583499.2112874927
6.749525068975025, 575508.9814175749
6.774609603992911, 563516.7326122348
6.774558463248736, 555526.502742317
6.77450732250456, 547536.2728723991
6.791434908826519, 571502.3598151768
6.782856048991146, 541541.2991364729
6.799770850127061, 563509.8286117711
6.808094006241559, 553519.7399408859
6.799681353824754, 549526.9263394149
6.827599938415679, 543526.5828253503
6.849939920162836, 539525.3310010904
6.858263076277332, 529535.2423302054
6.849850423860529, 525542.4287287344
6.877769008451454, 519542.0852146698
6.900083419826521, 511545.71845545084
6.900032279082346, 503555.4885855331
6.908355435196844, 493565.39991464815
6.899942782780039, 489572.58631317713
6.925065673356059, 483573.00991027546
6.944686672204572, 491557.8700020546
6.944584390716223, 475577.41026221914
6.9612818436893935, 463587.4627903667
6.967001083579641, 483561.50324283587
6.975324239694139, 473571.4145719509
6.992047263039396, 465576.5820350575
6.983596255064461, 455591.096031148
7.025621161590349, 469562.4916360646
7.025570020846175, 461572.26176614687
7.042293044191432, 453577.42922925344
7.033842036216496, 443591.94322534394
7.033803680658366, 437599.2708229057
7.0591183490250415, 461563.05643219524
7.075834979777278, 452569.4451615622
7.084164528484797, 443578.13522441685
7.092500469785339, 435585.60402101115
7.109223493130596, 427590.7714841177
7.128844491979109, 435575.6315758971
7.128742210490758, 419595.17183606164
7.117521078873006, 413605.56787827355
7.15115890335418, 427579.26481667813
7.159482059468678, 417589.1761457932
7.159430918724501, 409598.94627587544
7.151018266307698, 405606.1326744042
7.178936850898621, 399605.78916033986
7.1760772309534975, 389618.7689341053
7.167664578536693, 385625.9553326343
7.184604950044694, 411589.59974289127
7.201276832645778, 395604.53733607987
7.2096127739463185, 387612.00613267417
7.209568025795166, 380620.5549964963
7.226284656547403, 371626.943725863
7.2262335158032265, 363636.7138559453
7.226182375059052, 355646.48398602754
7.243161102125185, 387602.8007987228
7.243109961381011, 379612.57092880504
7.234518316359594, 347653.95278262184
7.234467175615418, 339663.7229127041
7.25983298472627, 371617.7383919114
7.259781843982093, 363627.50852199364
7.259730703237919, 355637.2786520759
7.2767094303040505, 387593.59546477115
7.276658289559876, 379603.3655948534
7.268066644538459, 347644.74744867045
7.268015503794283, 339654.5175787527
7.267977148236152, 333661.84517631424
7.293394098091177, 373606.0905254395
7.301921817182377, 395576.9213342252
7.301870676438201, 387586.6914643075
7.310206617738743, 379594.1602609018
7.318542559039285, 371601.6290574963
7.326878500339825, 363609.0978540906
7.326827359595651, 355618.8679841729
7.326776218851476, 347628.63811425515
7.3267250781073, 339638.4082443374
7.326673937363125, 331648.1783744197
7.326622796618951, 323657.94850450195
7.3265780484677965, 316666.49736832385
7.352142027962325, 379582.6535934624
7.360477969262867, 371590.12239005696
7.3604268285186905, 363599.8925201392
7.351988605729799, 355611.9639837092
7.351937464985625, 347621.7341137915
7.351899109427492, 341629.06171135325
7.394026297441734, 371580.91705610533
7.393975156697557, 363590.6871861876
7.410953883763693, 395547.00399888284
7.410902743019516, 387556.7741289651
7.410851602275342, 379566.54425904737
7.410698180042816, 355595.85464929417
7.410647039298642, 347605.62477937643
7.410595898554465, 339615.3949094587
7.410544757810291, 331625.16503954097
7.427574625620599, 371571.71172215394
7.427523484876422, 363581.4818522362
7.427267781155548, 323630.33250264754
7.4272166404113715, 315640.10263272957
7.427178284853241, 309647.4302302913
7.444399930454207, 379557.33892509574
7.435859426176965, 355588.9506488305
7.43580828543279, 347598.7207789128
7.435757144688614, 339608.49090899504
7.435706003944439, 331618.2610390773
7.461327516776166, 403523.4258678735
7.452889293987274, 395535.4973314435
7.452838153243098, 387545.26746152574
7.452735871754749, 371564.8077216903
7.478152821609774, 411509.0530708155
7.494965341257339, 417497.12280627806
7.4976715389699375, 403513.4534227594
7.486450407352184, 397523.84946497134
7.5115732979282015, 391524.27306206943
7.511522157184027, 383534.0431921517
7.511477409032873, 376542.5920559736
7.520062661461267, 407502.43146841717
7.520011520717093, 399512.20159849944
7.5281940397851095, 367548.98078534054
7.528142899040935, 359558.7509154228
7.528091758296759, 351568.52104550484
7.536632262574001, 375536.9093217703
7.564512491606793, 363543.8934052675
7.5616528716616696, 353556.87317903293
7.561601730917495, 345566.6433091152
7.561563375359363, 339573.97090667696
7.5869036140981265, 367532.8714509255
7.586852473353952, 359542.64158100775
7.586801332609776, 351552.4117110898
7.595137273910316, 343559.8805076841
7.5950925257591635, 336568.4293715062
7.6146048505263035, 327574.05098971026
7.61174523058118, 317587.0307634757
7.603332578164377, 313594.2171620047
7.631455725732, 339554.7931276113
7.6312511627553, 307593.8736479401
7.628391542810176, 297606.85342170554
7.619966105207329, 291616.48235275503
7.6199149644631525, 283626.2524828373
7.619863823718978, 275636.02261291957
7.619812682974803, 267645.79274300183
7.619761542230627, 259655.5628730841
7.648357741681872, 359525.7651354298
7.645498121736749, 349538.74490919523
7.64815317870517, 327564.84565575863
7.645293558760047, 317577.82542952406
7.662208359895962, 339546.3549048223
7.662003796919262, 307585.43542515114
7.661959048768109, 300593.98428897327
7.6790720202877, 353524.6545102026
7.6790208795435255, 345534.42464028485
7.681727077256124, 331550.7552567662
7.678867457311, 321563.73503053165
7.6788163165668255, 313573.5051606139
7.687139472681322, 303583.4164897287
7.687088331937147, 295593.186619811
7.687037191192973, 287602.95674989326
7.686986050448798, 279612.7268799755
7.704297192352069, 363505.53784713615
7.704246051607894, 355515.3079772184
7.70419491086372, 347525.0781073007
7.71253085216426, 339532.546903895
7.712479711420086, 331542.31703397725
7.712428570675911, 323552.0871640595
7.712377429931735, 315561.85729414155
7.712339074373604, 309569.1848917033
7.737640957554236, 331535.4130335136
7.737589816810061, 323545.18316359585
7.745925758110602, 315552.65196019015
7.745874617366427, 307562.4220902724
7.7458234766222525, 299572.1922203547
7.745772335878078, 291581.96235043695
7.7541082771786165, 283589.43114703125
7.754069921620486, 277596.758744593
7.7824743432810735, 347503.59899474704
7.77961472333595, 337516.57876851247
7.7795635825917735, 329526.34889859473
7.779512441847599, 321536.119028677
7.779467693696446, 314544.6678924989
7.771035863500575, 307555.51808980876
7.770984722756401, 299565.288219891
7.804839895400319, 347497.46210544603
7.813163051514817, 337507.3734345611
7.81311191077064, 329517.14356464334
7.813060770026466, 321526.9136947256
7.813009629282291, 313536.6838248079
7.804596976865486, 309543.8702233366
7.829719867441504, 303544.2938204347
7.82966872669733, 295554.063950517
7.829617585953155, 287563.83408059925
7.829566445208981, 279573.6042106815
7.829515304464804, 271583.37434076355
7.829470556313652, 264591.9232045857
7.821038726117781, 257602.77340189554
7.846545172275112, 311529.92102337675
7.863268195620369, 303535.0884864833
7.863217054876195, 295544.8586165656
7.86316591413202, 287554.62874664785
7.880093500453979, 311520.7156894251
7.879888937477279, 279559.7962097542
7.879837796733103, 271569.5663398362
7.879786655988928, 263579.3364699185
7.896816523799236, 303525.8831525317
7.896765383055062, 295535.65328261396
7.896714242310887, 287545.4234126962
7.888135382475513, 257584.36273399252
7.913641828632846, 311511.5103554737
7.905050183611429, 279552.89220929076
7.904999042867253, 271562.6623393728
7.92213119216591, 327489.66876182123
7.9220800514217355, 319499.4388919035
7.930364851978101, 303516.6778185803
7.94708787532336, 295521.84528168663
7.963964320901145, 311497.7023545464
7.963913180156968, 303507.47248462867
7.963810898668619, 287527.0127447932
7.983431897517132, 295511.8728365726
7.983329616028783, 279531.4130967371
7.980469996083658, 269544.39287050255
7.980425247932505, 262552.94173432444
7.972006202922678, 257561.3493991138
8.000333913467001, 315482.8448443911
7.997474293521879, 305495.82461815677
8.014184531681092, 295503.4346137836
8.014133390936918, 287513.2047438659
8.014082250192743, 279522.97487394814
8.031112118003051, 319469.5215565611
8.031060977258877, 311479.2916866434
8.0310098365147, 303489.06181672565
8.030805273538, 271528.1423370545
8.030754132793826, 263537.91246713675
8.030709384642673, 256546.46133095887
8.050528553874864, 295493.46216866956
8.04766893392974, 285506.441942435
8.047617793185566, 277516.21207251726
8.047445193173974, 250549.1862615447
8.067430569824735, 315464.4341764881
8.064570949879611, 305477.41395025374
8.067123725359686, 267523.0549569817
8.055889808555888, 259535.89353171433
8.07289410599411, 295487.32527936855
8.072842965249935, 287497.0954094508
8.081178906550475, 279504.5642060451
8.097901929895732, 271509.73166915146
8.097850789151558, 263519.5017992337
8.097799648407383, 255529.271929316
8.09776129284925, 249536.59952687775
8.11767635097677, 303465.2813706843
8.114816731031647, 293478.2611444497
8.114765590287472, 285488.03127453197
8.114714449543298, 277497.80140461423
8.134220381717418, 267504.64428907866
8.131367154365314, 258516.40279658372
8.122935324169445, 251527.25299389358
8.148467340698865, 309449.51555033354
8.14841619995469, 301459.2856804158
8.148365059210514, 293469.0558104981
8.14831391846634, 285478.82594058034
8.148262777722165, 277488.5960706626
8.167768709896283, 267495.438955127
8.16491548254418, 258507.1974626321
8.156483652348312, 251518.04765994218
8.156432511604137, 243527.81779002445
8.156394156046005, 237535.14538758597
8.184824148078679, 311437.100572699
8.181964528133555, 301450.0803464644
8.173539090530706, 295459.7092775139
8.173487949786532, 287469.47940759617
8.173436809042357, 279479.24953767844
8.215563997056597, 309431.1048824305
8.215512856312422, 301440.8750125128
8.215461715568246, 293450.64514259505
8.215410574824071, 285460.4152726773
8.215359434079897, 277470.1854027596
8.234865366254017, 267477.028287224
8.232005746308891, 257490.00806098944
8.231954605564717, 249499.7781910717
8.231903464820542, 241509.54832115397
8.231852324076367, 233519.31845123623
8.223426886473518, 227528.94738228573
8.223375745729344, 219538.717512368
8.223324604985168, 211548.48764245026
8.223273464240993, 203558.25777253252
8.223222323496818, 195568.0279026148
8.252074226668936, 335389.37951454916
8.249214606723813, 325402.3592883146
8.249163465979636, 317412.12941839686
8.249112325235462, 309421.8995484791
8.249061184491287, 301431.6696785614
8.249010043747111, 293441.43980864366
8.248958903002936, 285451.2099387259
8.248907762258762, 277460.9800688082
8.265618000417977, 267468.59006443503
8.2655668596738, 259478.3601945173
8.265515718929626, 251488.13032459957
8.274465349160268, 339378.35756020714
8.274414208416093, 331388.1276902894
8.274363067671919, 323397.89782037167
8.274311926927743, 315407.6679504537
8.28263508304224, 305417.57927956874
8.282583942298066, 297427.349409651
8.282532801553891, 289437.11953973304
8.282481660809715, 281446.8896698153
8.28243052006554, 273456.6597998976
8.299140758224755, 263464.26979552465
8.29908961748058, 255474.03992560692
8.299051261922449, 249481.36752316868
8.307936966222872, 327383.8074213788
8.307885825478698, 319393.57755146106
8.316208981593196, 309403.4888805761
8.316157840849021, 301413.25901065837
8.316106700104845, 293423.02914074063
8.31605555936067, 285432.7992708229
8.316004418616496, 277442.56940090517
8.31595327787232, 269452.33953098743
8.332663516031532, 259459.94952661428
8.332612375287358, 251469.71965669654
8.349578317167447, 281428.4790019123
8.349527176423273, 273438.24913199455
8.349476035679098, 265448.0192620768
8.34934818381866, 245472.44458728237
8.340909961029768, 237484.5160508526
8.368981967853218, 255454.86214654124
8.38307550460214, 273429.04379804316
8.383024363857965, 265438.8139281254
8.385679420826389, 243464.91467468906
8.382819800881265, 233477.8944484545
8.38277505273011, 226486.4433122764
8.374356007720285, 221494.8509770655
8.39973460201718, 255446.42392375227
8.408326247038595, 287405.0420699357
8.416649403153093, 277414.9533990505
8.416598262408916, 269424.7235291328
8.416547121664742, 261434.49365921505
8.41925331937734, 247450.82427569618
8.416393699432216, 237463.8040494616
8.416342558688042, 229473.57417954388
8.416291417943867, 221483.34430962615
8.416240277199691, 213493.1144397084
8.424563433314189, 203503.02576882322
8.424512292570014, 195512.7958989055
8.450491790610966, 323349.56981712603
8.45044064986679, 315359.33994720806
8.450389509122616, 307369.11007729033
8.450338368378441, 299378.8802073726
8.450287227634266, 291388.65033745486
8.45023608689009, 283398.42046753713
8.450184946145916, 275408.1905976194
8.450133805401741, 267417.96072770166
8.450082664657565, 259427.73085778393
8.45003152391339, 251437.5009878662
8.449980383169216, 243447.27111794846
8.44992924242504, 235457.0412480305
8.449878101680865, 227466.81137811276
8.449833353529712, 220475.3602419349
8.441401523333841, 213486.21043924475
8.486477827595513, 267407.9882825876
8.483618207650387, 257420.96805635304
8.483567066906213, 249430.7381864353
8.483515926162038, 241440.50831651757
8.483464785417864, 233450.27844659984
8.483413644673687, 225460.0485766821
8.483362503929513, 217469.81870676414
8.483311363185338, 209479.5888368464
8.47488592558249, 203489.21776789613
8.474834784838315, 195498.9878979784
8.50889452045893, 275392.08126320434
8.508843379714756, 267401.8513932866
8.517179321015297, 259409.3201898809
8.517128180271122, 251419.09031996317
8.517077039526948, 243428.86045004544
8.517025898782771, 235438.63058012747
8.516974758038597, 227448.40071020974
8.516923617294422, 219458.170840292
8.516872476550246, 211467.94097037427
8.516821335806071, 203477.71110045654
8.516770195061897, 195487.4812305388
8.553523343209068, 259399.34774476686
8.550663723263945, 249412.3275185323
8.55061258251977, 241422.09764861455
8.550561441775596, 233431.86777869682
8.55051030103142, 225441.63790877908
8.550459160287245, 217451.40803886112
8.55040801954307, 209461.17816894338
8.541982581940221, 203470.8070999931
8.541931441196047, 195480.57723007537
8.55944714607602, 311334.30767690693
8.559396005331843, 303344.0778069892
8.559344864587668, 295353.84793707146
8.56768080588821, 287361.316733666
8.567629665144036, 279371.08686374826
8.56757852439986, 271380.8569938303
8.587097241760022, 263385.257345774
8.584237621814898, 253398.2371195394
8.575824969398093, 249405.42351806862
8.617926587040246, 275362.16392786196
8.617875446296072, 267371.9340579442
8.617824305551895, 259381.7041880265
8.617773164807721, 251391.47431810875
8.63449618815298, 243396.64178121532
8.634451440001826, 236405.19064503722
8.643087833174397, 275355.2599273983
8.643036692430222, 267365.03005748056
8.642985551686046, 259374.80018756283
8.651308707800544, 249384.71151667763
8.653963764768966, 227410.81226324104
8.651104144823844, 217423.79203700647
8.65105300407967, 209433.56216708873
8.651001863335493, 201443.332297171
8.668018945959757, 239392.3215123047
8.65932501944999, 191453.24362628604
8.659273878705815, 183463.0137563683
8.65922273796164, 175472.78388645058
8.684844250793365, 247377.94871524675
8.684741969305016, 231397.48897541128
8.68469082856084, 223407.25910549355
8.684639687816665, 215417.0292355758
8.684601332258534, 209424.35683313734
8.70446524964188, 255362.80880702613
8.704362968153529, 239382.34906719066
8.718264727111794, 227393.16870650067
8.718219978960642, 220401.7175703228
8.726907512877387, 267342.01672260184
8.726856372133211, 259351.7868526841
8.726805231389037, 251361.55698276637
8.726754090644862, 243371.32711284864
8.7350900319454, 235378.7959094427
8.734936609712875, 211408.1062996895
8.7348854689687, 203417.87642977177
8.734834328224526, 195427.64655985404
8.734783187480351, 187437.4166899363
8.75181305529066, 227383.96337254927
8.751761914546485, 219393.73350263154
8.751506210825609, 179442.58415304287
8.751467855267478, 173449.9117506044
8.771434054139172, 235368.82346432866
8.771280631906647, 211398.13385457546
8.768421011961523, 201411.11362834065
8.768369871217349, 193420.88375842292
8.768318730473174, 185430.65388850519
8.777357857006123, 287303.78339646896
8.777306716261949, 279313.55352655123
8.777255575517772, 271323.32365663326
8.777204434773598, 263333.09378671553
8.78554037607414, 255340.56258330983
8.785489235329964, 247350.3327133921
8.785335813097438, 223379.6431036389
8.785028968632389, 175438.26388413226
8.802212258675223, 239355.50017649867
8.802161117931048, 231365.27030658093
8.802058836442697, 215384.81056674547
8.802007695698522, 207394.58069682773
8.801956554954348, 199404.35082691
8.801911806803194, 192412.8996907319
8.79346719142128, 183426.19242056226
8.821935539012085, 263320.8200081135
8.819075919066961, 253333.79978187894
8.819031170915807, 246342.34864570107
8.810497059231588, 223372.73910317523
8.855458296818863, 259316.49973920314
8.85259867687374, 249329.47951296857
8.852547536129565, 241339.24964305083
8.869615759498005, 287278.4687281023
8.86956461875383, 279288.23885818454
8.869513478009655, 271298.0089882666
8.86925777428878, 231346.8596386779
8.869206633544604, 223356.62976876018
8.889236758346518, 295263.32881988166
8.889032195369818, 263302.4093402105
8.886172575424695, 253315.38911397592
8.88612143468052, 245325.1592440582
8.886070293936344, 237334.92937414045
8.888725350904767, 215361.0301207041
8.885865730959644, 205374.00989446952
8.88581459021547, 197383.7800245518
8.885763449471293, 189393.55015463405
8.885712308727118, 181403.32028471632
8.877299656310313, 177410.50668324507
8.903125732118738, 281276.5909917122
8.903074591374564, 273286.36112179444
8.905576226110462, 227341.77225860464
8.894035464841616, 171413.23161383113
8.893984324097442, 163423.0017439134
8.893933183353266, 155432.77187399543
8.893882042609091, 147442.5420040777
8.922580523548683, 263293.20400625886
8.91972090360356, 253306.1837800243
8.919669762859385, 245315.95391010656
8.919618622115209, 237325.72404018883
8.922273679083633, 215351.82478675246
8.919414059138509, 205364.8045605179
8.928350904183109, 291257.47432864574
8.936674060297605, 281267.3856577608
8.93662291955343, 273277.15578784305
8.939124554289329, 227332.56692465325
8.938919991312629, 195371.6474449823
8.936060371367505, 185384.62721874774
8.936009230623329, 177394.39734883
8.935964482472176, 170402.9462126519
8.927532652276307, 163413.79640996177
8.92748151153213, 155423.5665400438
8.927430370787956, 147433.33667012607
8.944946075667929, 263287.06711695786
8.953269231782427, 253296.9784460729
8.953218091038252, 245306.74857615517
8.953166950294076, 237316.51870623743
8.944639231202878, 215345.68789745145
8.944588090458703, 207355.45802753372
8.989805031766853, 283250.3680131503
8.98694541182173, 273263.3477869157
8.986894271077555, 265273.117916998
8.986843130333378, 257282.88804708025
8.986791989589204, 249292.65817716252
8.986747241438051, 242301.20704098442
8.978328196428226, 237309.61470577377
9.01204273202566, 263268.65644905483
9.020378673326203, 255276.12524564913
9.020327532582026, 247285.8953757314
9.020276391837852, 239295.66550581367
9.03699941518311, 231300.83296892024
9.036948274438934, 223310.6030990025
9.03689713369476, 215320.37322908477
9.036845992950585, 207330.14335916704
9.036801244799431, 200338.69222298893
9.028369414603562, 193349.5424202988
9.056620414031624, 239285.69306069962
9.070522172989888, 227296.51270000986
9.070471032245713, 219306.28283009212
9.070419891501537, 211316.0529601744
9.070368750757362, 203325.82309025666
9.070317610013188, 195335.59322033892
9.070266469269013, 187345.3633504212
9.070215328524837, 179355.13348050346
9.070164187780662, 171364.90361058572
9.070113047036488, 163374.673740668
9.070061906292311, 155384.44387075002
9.070010765548137, 147394.2140008323
9.087603181544372, 275233.28925254056
9.087552040800198, 267243.0593826228
9.087500900056021, 259252.8295127051
9.087449759311847, 251262.59964278736
9.087398618567672, 243272.36977286963
9.087347477823496, 235282.13990295166
9.086733788893396, 139399.38146393863
9.08668264814922, 131409.1515940209
9.086631507405045, 123418.92172410316
9.086586759253892, 116427.47058792505
9.095683419124038, 227289.6086995462
9.10401936042458, 219297.0774961405
9.103968219680404, 211306.84762622276
9.10391707893623, 203316.61775630503
9.103865938192055, 195326.3878863873
9.10381479744788, 187336.15801646956
9.103763656703704, 179345.92814655183
9.103718908552551, 172354.47701037372
9.095274293170638, 163367.76974020433
9.095223152426462, 155377.53987028636
9.095172011682287, 147387.31000036863
9.137797821952235, 255243.90657681902
9.137746681208059, 247253.6767069013
9.137695540463884, 239263.44683698355
9.13764439971971, 231273.21696706582
9.137593258975533, 223282.98709714809
9.137542118231359, 215292.75722723035
9.137490977487184, 207302.52735731262
9.13743983674301, 199312.29748739488
9.137388695998833, 191322.06761747692
9.137337555254659, 183331.83774755918
9.156860534343501, 176002.09058866277
9.171269439014837, 243249.3564379909
9.171218298270661, 235259.12656807294
9.171167157526487, 227268.8966981552
9.171116016782312, 219278.66682823747
9.171071268631158, 212287.2156920596
9.162626653249244, 203300.50842188997
9.16257551250507, 195310.27855197224
9.162524371760895, 187320.0486820545
9.179861084036254, 275207.9745841739
9.17980994329208, 267217.74471425614
9.18814588459262, 259225.21351085068
9.188094743848445, 251234.98364093294
9.196430685148988, 243242.45243752724
9.196379544404811, 235252.22256760928
9.196328403660637, 227261.99269769154
9.204664344961179, 219269.46149428608
9.221387368306436, 211274.62895739242
9.221336227562261, 203284.39908747468
9.221285086818087, 195294.16921755695
9.221233946073912, 187303.9393476392
9.221182805329736, 179313.70947772148
9.221131664585561, 171323.47960780375
9.221080523841387, 163333.249737886
9.22102938309721, 155343.01986796805
9.220984634946058, 148351.56873179018
9.238212673140044, 219260.25616033445
9.257884812732732, 235235.34612203157
9.255025192787608, 225248.32589579723
9.257731390500206, 211264.65651227836
9.254871770555082, 201277.6362860438
9.254820629810908, 193287.40641612606
9.254769489066733, 185297.17654620833
9.254718348322557, 177306.9466762906
9.254667207578382, 169316.71680637286
9.263604052622982, 255209.3865745007
9.263552911878806, 247219.15670458297
9.274173139752502, 159323.55969083728
9.2713199124004, 150335.31819834257
9.26288808220453, 143346.1683956522
9.262836941460355, 135355.93852573447
9.26278580071618, 127365.70865581674
9.262734659972004, 119375.47878589877
9.262696304413874, 113382.80638346053
9.288484024664168, 211256.2182894894
9.288432883919993, 203265.98841957166
9.288381743175819, 195275.75854965393
9.288330602431644, 187285.5286797362
9.28828585428049, 180294.0775435581
9.279841238898577, 171307.3702733887
9.308105023512681, 219241.07838126877
9.324802476485852, 207251.1309094166
9.321942856540728, 197264.11068318202
9.321891715796552, 189273.8808132643
9.321840575052377, 181283.65094334655
9.31341513744953, 175293.2798743958
9.338959939164992, 235213.09989831527
9.338908798420817, 227222.87002839753
9.338857657676643, 219232.6401584798
9.355887525486951, 259179.186841093
9.355836384742776, 251188.95697117527
9.355785243998602, 243198.72710125754
9.3555806810219, 211237.80762158637
9.355535932870747, 204246.35648540827
9.364376889020019, 275157.34524744074
9.364325748275844, 267167.115377523
9.364121185299142, 235206.19589785184
9.37244434141364, 225216.10722696688
9.372393200669466, 217225.8773570489
9.37504825763789, 195251.97810361255
9.372188637692766, 185264.95787737798
9.37213749694859, 177274.72800746025
9.372086356204415, 169284.4981375425
9.37203521546024, 161294.26826762478
9.371984074716066, 153304.03839770705
9.37193293397189, 145313.8085277893
9.371881793227715, 137323.57865787135
9.37183065248354, 129333.34878795361
9.371779511739364, 121343.11891803588
9.37172837099519, 113352.88904811814
9.371677230251015, 105362.65917820041
9.371626089506838, 97372.42930828268
9.371574948762664, 89382.19943836494
9.37152380801849, 81391.96956844721
9.371472667274313, 73401.73969852948
9.389103438828679, 207233.48735267622
9.405979884406461, 223209.34442553576
9.405928743662287, 215219.11455561803
9.405826462173938, 199238.65481578256
9.397388239385045, 191250.72627935256
9.397349883826914, 185258.05387691432
9.42290747072842, 247175.43136831326
9.422856329984246, 239185.20149839553
9.422805189240071, 231194.9716284778
9.422651767007546, 207224.2820187246
9.431345693517313, 255163.35990474303
9.431141130540611, 223202.4404250721
9.43946428665511, 213212.35175418714
9.456174524814324, 203219.96174981422
9.45612338407015, 195229.73187989648
9.456078635918995, 188238.28074371838
9.447634020537082, 179251.57347354875
9.447595664978952, 173258.90107111027
9.473460096345507, 283117.65778201586
9.473408955601332, 275127.4279120981
9.473357814857158, 267137.1980421804
9.473306674112981, 259146.96817226266
9.473255533368807, 251156.73830234492
9.473204392624632, 243166.5084324272
9.473153251880456, 235176.27856250922
9.473102111136281, 227186.0486925915
9.473050970392107, 219195.81882267375
9.47299982964793, 211205.58895275602
9.48972285299319, 203210.7564158626
9.489671712249015, 195220.52654594486
9.48962057150484, 187230.29667602712
9.489569430760664, 179240.0668061094
9.48951829001649, 171249.83693619166
9.489467149272315, 163259.60706627392
9.489416008528138, 155269.37719635596
9.489371260376986, 148277.92606017808
9.498416779502957, 251149.83430188126
9.506739935617455, 241159.7456309963
9.50668879487328, 233169.51576107857
9.506637654129104, 225179.28589116083
9.50658651338493, 217189.05602124287
9.506535372640755, 209198.82615132513
9.526041304814875, 199205.6690357898
9.52318168486975, 189218.64880955522
9.523130544125575, 181228.4189396375
9.523085795974422, 174236.96780345938
9.540237123052147, 233160.31042712694
9.540185982307971, 225170.0805572092
9.540134841563797, 217179.85068729124
9.540083700819622, 209189.6208173735
9.556793938978835, 199197.23081300082
9.556742798234659, 191207.00094308285
9.556691657490484, 183216.77107316512
9.55664051674631, 175226.54120324738
9.556589376002133, 167236.31133332965
9.556538235257959, 159246.08146341192
9.556487094513784, 151255.85159349418
9.556435953769608, 143265.62172357645
9.556384813025433, 135275.39185365872
9.556333672281259, 127285.16198374098
9.556282531537082, 119294.93211382302
9.556231390792908, 111304.70224390528
9.556180250048733, 103314.47237398755
9.556129109304559, 95324.24250406981
9.556077968560382, 87334.01263415208
9.556026827816208, 79343.78276423435
9.555975687072033, 71353.55289431661
9.565385584000252, 231155.8489591838
9.565334443256075, 223165.61908926605
9.5652833025119, 215175.38921934832
9.565232161767726, 207185.15934943059
9.581904044368809, 191200.0969426192
9.581852903624634, 183209.86707270145
9.58180176288046, 175219.63720278372
9.581750622136283, 167229.407332866
9.590086563436826, 159236.8761294603
9.590035422692651, 151246.64625954255
9.589984281948475, 143256.41638962482
9.5899331412043, 135266.1865197071
9.589882000460126, 127275.95664978935
9.58983085971595, 119285.72677987139
9.589786111564797, 112294.27564369352
9.598115660272317, 103302.96570654819
9.598064519528142, 95312.73583663045
9.598013378783966, 87322.50596671272
9.597962238039791, 79332.27609679499
9.597911097295617, 71342.04622687725
9.623737173104043, 175208.13053534436
9.623686032359867, 167217.90066542663
9.623634891615692, 159227.6707955089
9.623583750871518, 151237.44092559116
9.623539002720364, 144245.98978941306
9.61509438733845, 135259.28251924366
9.615043246594276, 127269.05264932592
9.6149921058501, 119278.82277940796
9.614940965105925, 111288.59290949022
9.640715900170175, 207164.44734803983
9.640664759426, 199174.2174781221
9.640613618681824, 191183.98760820413
9.64056247793765, 183193.7577382864
9.657745767980483, 247110.99403065257
9.657694627236308, 239120.76416073483
9.657643486492134, 231130.5342908171
9.657592345747958, 223140.30442089937
9.657541205003783, 215150.07455098163
9.657285501282908, 175198.92520139273
9.666183990769376, 255098.92256708257
9.677059922363947, 207154.47490292555
9.674200302418823, 197167.45467669098
9.674149161674647, 189177.22480677324
9.674098020930472, 181186.9949368555
9.682728021510021, 219138.28548547695
9.690827436868753, 174190.9411337017
9.707812556527909, 207146.0366801368
9.707761415783734, 199155.80681021907
9.707710275039558, 191165.5769403011
9.707659134295383, 183175.34707038337
9.707556852807032, 167194.8873305479
9.707505712062858, 159204.65746063017
9.707454571318683, 151214.42759071244
9.707403430574507, 143224.1977207947
9.707352289830332, 135233.96785087697
9.707301149086158, 127243.73798095924
9.707250008341981, 119253.50811104127
9.707211652783851, 113260.83570860303
9.72753583686477, 231111.35651175142
9.724676216919647, 221124.33628551685
9.724625076175471, 213134.10641559912
9.727177851655545, 175179.74742232705
9.74413100834959, 203140.94930006354
9.741271388404467, 193153.92907382897
9.741220247660292, 185163.69920391124
9.743875304628716, 163189.79995047487
9.741015684683592, 153202.7797242403
9.740964543939416, 145212.54985432257
9.732539106336569, 139222.17878537206
9.732487965592393, 131231.94891545433
9.732436824848218, 123241.71904553659
9.732398469290088, 117249.04664309835
9.750003670472365, 247085.67936228588
9.74995252972819, 239095.44949236815
9.749901388984016, 231105.21962245042
9.74985024823984, 223114.98975253268
9.749799107495665, 215124.75988261495
9.757930485819507, 175171.30919953831
9.777704906900546, 207126.85890107113
9.774845286955422, 197139.83867483656
9.774794146211246, 189149.60880491883
9.774743005467071, 181159.3789350011
9.77744920317967, 167175.70955148223
9.774589583234546, 157188.68932524766
9.774538442490371, 149198.45945532992
9.774487301746197, 141208.2295854122
9.77443616100202, 133217.99971549446
9.774385020257846, 125227.76984557672
9.774333879513671, 117237.53997565899
9.791760088091337, 219108.36815013434
9.808636533669118, 235084.2252229941
9.808585392924943, 227093.99535307637
9.808483111436592, 211113.5356132409
9.808431970692418, 203123.30574332317
9.808380829948243, 195133.07587340544
9.808329689204069, 187142.8460034877
9.808278548459892, 179152.61613356997
9.808227407715718, 171162.38626365224
9.808176266971543, 163172.1563937345
9.808125126227367, 155181.92652381654
9.808073985483192, 147191.6966538988
9.799635762694301, 139203.76811746904
9.799584621950125, 131213.5382475513
9.79953348120595, 123223.30837763357
9.799482340461775, 115233.07850771584
9.828104110285107, 219098.3957050203
9.83387449091953, 247062.66602740716
9.833823350175356, 239072.43615748943
9.833772209431181, 231082.2062875717
9.842005869243373, 207109.21534433076
9.841954728499198, 199118.98547441303
9.841903587755022, 191128.75560449506
9.841852447010847, 183138.52573457733
9.841801306266673, 175148.2958646596
9.841750165522496, 167158.06599474186
9.841705417371344, 160166.61485856376
9.85842204812358, 151173.00358793046
9.87555419742224, 207100.01001037913
9.875503056678065, 199109.7801404614
9.875451915933889, 191119.55027054343
9.875400775189714, 183129.3204006257
9.87534963444554, 175139.09053070797
9.875298493701363, 167148.86066079023
9.875247352957189, 159158.6307908725
9.875157856654882, 145175.72851851652
9.891970376302446, 151163.79825397907
9.90915366634528, 215081.03454634524
9.909102525601105, 207090.8046764275
9.90905138485693, 199100.57480650977
9.909000244112754, 191110.3449365918
9.90894910336858, 183120.11506667407
9.908897962624405, 175129.88519675634
9.900459739835512, 167141.95666032657
9.900408599091337, 159151.72679040884
9.90031910278903, 145168.82451805286
9.926183534155589, 255027.5812289582
9.926132393411413, 247037.35135904048
9.926081252667238, 239047.12148912274
9.926030111923064, 231056.891619205
9.925978971178887, 223066.66174928728
9.945804533004102, 263012.4413207376
9.945497688539051, 215071.0621012312
9.942638068593928, 205084.04187499662
9.962501985977271, 251022.4938488854
9.95964236603215, 241035.47362265084
9.959591225287975, 233045.2437527331
9.959540084543798, 225055.01388281537
9.962144000768046, 195090.88475946104
9.979046016717916, 215061.8567672798
9.976186396772793, 205074.836541045
9.978845715469898, 183766.78977676854
9.96760753693742, 175113.77586234128
9.967556396193244, 167123.54599242355
9.967505255449069, 159133.3161225058
9.967454114704895, 151143.08625258808
9.967415759146762, 145150.41385014984
9.993356901629584, 266994.5153659319
9.993305760885407, 259004.28549601417
9.993254620141233, 251014.05562609644
9.993203479397058, 243023.8257561787
9.993158731245904, 236032.3746200006
9.98471411586399, 227045.66734983097
9.98450955288729, 195084.74787016003
10.001948546651, 298953.1335121149
10.001897405906826, 290962.90364219714
10.00184626516265, 282972.6737722794
10.001795124418475, 274982.4439023617
